19:51:56 **** Incremental Build of configuration Nios II for project audio_feed_7 ****
wsl make all 
Info: Building /mnt/c/repos/fpga_dsp/audio_sdram/software/audio_feed_7_bsp/
make --no-print-directory -C /mnt/c/repos/fpga_dsp/audio_sdram/software/audio_feed_7_bsp/
[BSP build complete]
Info: Compiling main.c to obj/default/main.o
nios2-elf-gcc.exe -xc -MP -MMD -c -Ic:/repos/fpga_dsp/audio_sdram/software/audio_feed_7_bsp//HAL/inc -Ic:/repos/fpga_dsp/audio_sdram/software/audio_feed_7_bsp/ -Ic:/repos/fpga_dsp/audio_sdram/software/audio_feed_7_bsp//drivers/inc  -pipe -D__hal__ -DALT_NO_INSTRUCTION_EMULATION -DALT_SINGLE_THREADED    -O0 -g -Wall   -mno-hw-div -mno-hw-mul -mno-hw-mulx -mgpopt=global  -o obj/default/main.o main.c
main.c: In function 'record_to_play':
main.c:453:8: warning: suggest parentheses around comparison in operand of '==' [-Wparentheses]
  453 |   if(w < WORDS == FALSE){
      |        ^
main.c:444:11: warning: unused variable 'R_out' [-Wunused-variable]
  444 |   int16_t R_out = (int16_t)(word_out & 0xFFFF);
      |           ^~~~~
main.c: In function 'main':
main.c:569:12: warning: unused variable 'w_x' [-Wunused-variable]
  569 |  const int w_x    = 8192;   // ≈0.25
      |            ^~~
Info: Compiling overdrive.c to obj/default/overdrive.o
nios2-elf-gcc.exe -xc -MP -MMD -c -Ic:/repos/fpga_dsp/audio_sdram/software/audio_feed_7_bsp//HAL/inc -Ic:/repos/fpga_dsp/audio_sdram/software/audio_feed_7_bsp/ -Ic:/repos/fpga_dsp/audio_sdram/software/audio_feed_7_bsp//drivers/inc  -pipe -D__hal__ -DALT_NO_INSTRUCTION_EMULATION -DALT_SINGLE_THREADED    -O0 -g -Wall   -mno-hw-div -mno-hw-mul -mno-hw-mulx -mgpopt=global  -o obj/default/overdrive.o overdrive.c
Info: Linking audio_feed_7.elf
19:52:13 **** Build of configuration Nios II for project audio_feed_7 ****
wsl make all 
Info: Building /mnt/c/repos/fpga_dsp/audio_sdram/software/audio_feed_7_bsp/
make --no-print-directory -C /mnt/c/repos/fpga_dsp/audio_sdram/software/audio_feed_7_bsp/
[BSP build complete]
[audio_feed_7 build complete]
19:52:15 **** Incremental Build of configuration Nios II for project audio_feed_7 ****
wsl make all 
Info: Building /mnt/c/repos/fpga_dsp/audio_sdram/software/audio_feed_7_bsp/
make --no-print-directory -C /mnt/c/repos/fpga_dsp/audio_sdram/software/audio_feed_7_bsp/
[BSP build complete]
[audio_feed_7 build complete]
20:07:23 **** Clean-only build of configuration Nios II for project audio_feed_7 ****
wsl make clean 
[audio_feed_7 clean complete]
20:07:24 **** Clean-only build of configuration Nios II for project audio_feed_7_bsp ****
wsl make clean 
[BSP clean complete]
20:07:24 **** Build of configuration Nios II for project audio_feed_7 ****
wsl make all 
Info: Building /mnt/c/repos/fpga_dsp/audio_sdram/software/audio_feed_7_bsp/
make --no-print-directory -C /mnt/c/repos/fpga_dsp/audio_sdram/software/audio_feed_7_bsp/
Compiling alt_alarm_start.c...
nios2-elf-gcc.exe -xc -MP -MMD -c  -I./HAL/inc -I. -I./drivers/inc -pipe -D__hal__ -DALT_NO_INSTRUCTION_EMULATION -DALT_SINGLE_THREADED    -O0 -g -Wall  -mno-hw-div -mno-hw-mul -mno-hw-mulx -mgpopt=global   -o obj/HAL/src/alt_alarm_start.o HAL/src/alt_alarm_start.c
Compiling alt_busy_sleep.c...
nios2-elf-gcc.exe -xc -MP -MMD -c  -I./HAL/inc -I. -I./drivers/inc -pipe -D__hal__ -DALT_NO_INSTRUCTION_EMULATION -DALT_SINGLE_THREADED    -O0 -g -Wall  -mno-hw-div -mno-hw-mul -mno-hw-mulx -mgpopt=global   -o obj/HAL/src/alt_busy_sleep.o HAL/src/alt_busy_sleep.c
Compiling alt_close.c...
nios2-elf-gcc.exe -xc -MP -MMD -c  -I./HAL/inc -I. -I./drivers/inc -pipe -D__hal__ -DALT_NO_INSTRUCTION_EMULATION -DALT_SINGLE_THREADED    -O0 -g -Wall  -mno-hw-div -mno-hw-mul -mno-hw-mulx -mgpopt=global   -o obj/HAL/src/alt_close.o HAL/src/alt_close.c
Compiling alt_dcache_flush.c...
nios2-elf-gcc.exe -xc -MP -MMD -c  -I./HAL/inc -I. -I./drivers/inc -pipe -D__hal__ -DALT_NO_INSTRUCTION_EMULATION -DALT_SINGLE_THREADED    -O0 -g -Wall  -mno-hw-div -mno-hw-mul -mno-hw-mulx -mgpopt=global   -o obj/HAL/src/alt_dcache_flush.o HAL/src/alt_dcache_flush.c
Compiling alt_dcache_flush_all.c...
nios2-elf-gcc.exe -xc -MP -MMD -c  -I./HAL/inc -I. -I./drivers/inc -pipe -D__hal__ -DALT_NO_INSTRUCTION_EMULATION -DALT_SINGLE_THREADED    -O0 -g -Wall  -mno-hw-div -mno-hw-mul -mno-hw-mulx -mgpopt=global   -o obj/HAL/src/alt_dcache_flush_all.o HAL/src/alt_dcache_flush_all.c
Compiling alt_dcache_flush_no_writeback.c...
nios2-elf-gcc.exe -xc -MP -MMD -c  -I./HAL/inc -I. -I./drivers/inc -pipe -D__hal__ -DALT_NO_INSTRUCTION_EMULATION -DALT_SINGLE_THREADED    -O0 -g -Wall  -mno-hw-div -mno-hw-mul -mno-hw-mulx -mgpopt=global   -o obj/HAL/src/alt_dcache_flush_no_writeback.o HAL/src/alt_dcache_flush_no_writeback.c
Compiling alt_dev.c...
nios2-elf-gcc.exe -xc -MP -MMD -c  -I./HAL/inc -I. -I./drivers/inc -pipe -D__hal__ -DALT_NO_INSTRUCTION_EMULATION -DALT_SINGLE_THREADED    -O0 -g -Wall  -mno-hw-div -mno-hw-mul -mno-hw-mulx -mgpopt=global   -o obj/HAL/src/alt_dev.o HAL/src/alt_dev.c
Compiling alt_dev_llist_insert.c...
nios2-elf-gcc.exe -xc -MP -MMD -c  -I./HAL/inc -I. -I./drivers/inc -pipe -D__hal__ -DALT_NO_INSTRUCTION_EMULATION -DALT_SINGLE_THREADED    -O0 -g -Wall  -mno-hw-div -mno-hw-mul -mno-hw-mulx -mgpopt=global   -o obj/HAL/src/alt_dev_llist_insert.o HAL/src/alt_dev_llist_insert.c
Compiling alt_dma_rxchan_open.c...
nios2-elf-gcc.exe -xc -MP -MMD -c  -I./HAL/inc -I. -I./drivers/inc -pipe -D__hal__ -DALT_NO_INSTRUCTION_EMULATION -DALT_SINGLE_THREADED    -O0 -g -Wall  -mno-hw-div -mno-hw-mul -mno-hw-mulx -mgpopt=global   -o obj/HAL/src/alt_dma_rxchan_open.o HAL/src/alt_dma_rxchan_open.c
Compiling alt_dma_txchan_open.c...
nios2-elf-gcc.exe -xc -MP -MMD -c  -I./HAL/inc -I. -I./drivers/inc -pipe -D__hal__ -DALT_NO_INSTRUCTION_EMULATION -DALT_SINGLE_THREADED    -O0 -g -Wall  -mno-hw-div -mno-hw-mul -mno-hw-mulx -mgpopt=global   -o obj/HAL/src/alt_dma_txchan_open.o HAL/src/alt_dma_txchan_open.c
Compiling alt_do_ctors.c...
nios2-elf-gcc.exe -xc -MP -MMD -c  -I./HAL/inc -I. -I./drivers/inc -pipe -D__hal__ -DALT_NO_INSTRUCTION_EMULATION -DALT_SINGLE_THREADED    -O0 -g -Wall  -mno-hw-div -mno-hw-mul -mno-hw-mulx -mgpopt=global   -o obj/HAL/src/alt_do_ctors.o HAL/src/alt_do_ctors.c
Compiling alt_do_dtors.c...
nios2-elf-gcc.exe -xc -MP -MMD -c  -I./HAL/inc -I. -I./drivers/inc -pipe -D__hal__ -DALT_NO_INSTRUCTION_EMULATION -DALT_SINGLE_THREADED    -O0 -g -Wall  -mno-hw-div -mno-hw-mul -mno-hw-mulx -mgpopt=global   -o obj/HAL/src/alt_do_dtors.o HAL/src/alt_do_dtors.c
Compiling alt_ecc_fatal_entry.S...
nios2-elf-gcc.exe -MP -MMD -c   -O0 -g -Wall  -mno-hw-div -mno-hw-mul -mno-hw-mulx -mgpopt=global    -I./HAL/inc -I. -I./drivers/inc -pipe -D__hal__ -DALT_NO_INSTRUCTION_EMULATION -DALT_SINGLE_THREADED  -Wa,-gdwarf2  -o obj/HAL/src/alt_ecc_fatal_entry.o HAL/src/alt_ecc_fatal_entry.S
Compiling alt_ecc_fatal_exception.c...
nios2-elf-gcc.exe -xc -MP -MMD -c  -I./HAL/inc -I. -I./drivers/inc -pipe -D__hal__ -DALT_NO_INSTRUCTION_EMULATION -DALT_SINGLE_THREADED    -O0 -g -Wall  -mno-hw-div -mno-hw-mul -mno-hw-mulx -mgpopt=global   -o obj/HAL/src/alt_ecc_fatal_exception.o HAL/src/alt_ecc_fatal_exception.c
Compiling alt_env_lock.c...
nios2-elf-gcc.exe -xc -MP -MMD -c  -I./HAL/inc -I. -I./drivers/inc -pipe -D__hal__ -DALT_NO_INSTRUCTION_EMULATION -DALT_SINGLE_THREADED    -O0 -g -Wall  -mno-hw-div -mno-hw-mul -mno-hw-mulx -mgpopt=global   -o obj/HAL/src/alt_env_lock.o HAL/src/alt_env_lock.c
Compiling alt_environ.c...
nios2-elf-gcc.exe -xc -MP -MMD -c  -I./HAL/inc -I. -I./drivers/inc -pipe -D__hal__ -DALT_NO_INSTRUCTION_EMULATION -DALT_SINGLE_THREADED    -O0 -g -Wall  -mno-hw-div -mno-hw-mul -mno-hw-mulx -mgpopt=global   -o obj/HAL/src/alt_environ.o HAL/src/alt_environ.c
Compiling alt_errno.c...
nios2-elf-gcc.exe -xc -MP -MMD -c  -I./HAL/inc -I. -I./drivers/inc -pipe -D__hal__ -DALT_NO_INSTRUCTION_EMULATION -DALT_SINGLE_THREADED    -O0 -g -Wall  -mno-hw-div -mno-hw-mul -mno-hw-mulx -mgpopt=global   -o obj/HAL/src/alt_errno.o HAL/src/alt_errno.c
Compiling alt_exception_entry.S...
nios2-elf-gcc.exe -MP -MMD -c   -O0 -g -Wall  -mno-hw-div -mno-hw-mul -mno-hw-mulx -mgpopt=global    -I./HAL/inc -I. -I./drivers/inc -pipe -D__hal__ -DALT_NO_INSTRUCTION_EMULATION -DALT_SINGLE_THREADED  -Wa,-gdwarf2  -o obj/HAL/src/alt_exception_entry.o HAL/src/alt_exception_entry.S
Compiling alt_exception_muldiv.S...
nios2-elf-gcc.exe -MP -MMD -c   -O0 -g -Wall  -mno-hw-div -mno-hw-mul -mno-hw-mulx -mgpopt=global    -I./HAL/inc -I. -I./drivers/inc -pipe -D__hal__ -DALT_NO_INSTRUCTION_EMULATION -DALT_SINGLE_THREADED  -Wa,-gdwarf2  -o obj/HAL/src/alt_exception_muldiv.o HAL/src/alt_exception_muldiv.S
Compiling alt_exception_trap.S...
nios2-elf-gcc.exe -MP -MMD -c   -O0 -g -Wall  -mno-hw-div -mno-hw-mul -mno-hw-mulx -mgpopt=global    -I./HAL/inc -I. -I./drivers/inc -pipe -D__hal__ -DALT_NO_INSTRUCTION_EMULATION -DALT_SINGLE_THREADED  -Wa,-gdwarf2  -o obj/HAL/src/alt_exception_trap.o HAL/src/alt_exception_trap.S
Compiling alt_execve.c...
nios2-elf-gcc.exe -xc -MP -MMD -c  -I./HAL/inc -I. -I./drivers/inc -pipe -D__hal__ -DALT_NO_INSTRUCTION_EMULATION -DALT_SINGLE_THREADED    -O0 -g -Wall  -mno-hw-div -mno-hw-mul -mno-hw-mulx -mgpopt=global   -o obj/HAL/src/alt_execve.o HAL/src/alt_execve.c
Compiling alt_exit.c...
nios2-elf-gcc.exe -xc -MP -MMD -c  -I./HAL/inc -I. -I./drivers/inc -pipe -D__hal__ -DALT_NO_INSTRUCTION_EMULATION -DALT_SINGLE_THREADED    -O0 -g -Wall  -mno-hw-div -mno-hw-mul -mno-hw-mulx -mgpopt=global   -o obj/HAL/src/alt_exit.o HAL/src/alt_exit.c
Compiling alt_fcntl.c...
nios2-elf-gcc.exe -xc -MP -MMD -c  -I./HAL/inc -I. -I./drivers/inc -pipe -D__hal__ -DALT_NO_INSTRUCTION_EMULATION -DALT_SINGLE_THREADED    -O0 -g -Wall  -mno-hw-div -mno-hw-mul -mno-hw-mulx -mgpopt=global   -o obj/HAL/src/alt_fcntl.o HAL/src/alt_fcntl.c
Compiling alt_fd_lock.c...
nios2-elf-gcc.exe -xc -MP -MMD -c  -I./HAL/inc -I. -I./drivers/inc -pipe -D__hal__ -DALT_NO_INSTRUCTION_EMULATION -DALT_SINGLE_THREADED    -O0 -g -Wall  -mno-hw-div -mno-hw-mul -mno-hw-mulx -mgpopt=global   -o obj/HAL/src/alt_fd_lock.o HAL/src/alt_fd_lock.c
Compiling alt_fd_unlock.c...
nios2-elf-gcc.exe -xc -MP -MMD -c  -I./HAL/inc -I. -I./drivers/inc -pipe -D__hal__ -DALT_NO_INSTRUCTION_EMULATION -DALT_SINGLE_THREADED    -O0 -g -Wall  -mno-hw-div -mno-hw-mul -mno-hw-mulx -mgpopt=global   -o obj/HAL/src/alt_fd_unlock.o HAL/src/alt_fd_unlock.c
Compiling alt_find_dev.c...
nios2-elf-gcc.exe -xc -MP -MMD -c  -I./HAL/inc -I. -I./drivers/inc -pipe -D__hal__ -DALT_NO_INSTRUCTION_EMULATION -DALT_SINGLE_THREADED    -O0 -g -Wall  -mno-hw-div -mno-hw-mul -mno-hw-mulx -mgpopt=global   -o obj/HAL/src/alt_find_dev.o HAL/src/alt_find_dev.c
Compiling alt_find_file.c...
nios2-elf-gcc.exe -xc -MP -MMD -c  -I./HAL/inc -I. -I./drivers/inc -pipe -D__hal__ -DALT_NO_INSTRUCTION_EMULATION -DALT_SINGLE_THREADED    -O0 -g -Wall  -mno-hw-div -mno-hw-mul -mno-hw-mulx -mgpopt=global   -o obj/HAL/src/alt_find_file.o HAL/src/alt_find_file.c
Compiling alt_flash_dev.c...
nios2-elf-gcc.exe -xc -MP -MMD -c  -I./HAL/inc -I. -I./drivers/inc -pipe -D__hal__ -DALT_NO_INSTRUCTION_EMULATION -DALT_SINGLE_THREADED    -O0 -g -Wall  -mno-hw-div -mno-hw-mul -mno-hw-mulx -mgpopt=global   -o obj/HAL/src/alt_flash_dev.o HAL/src/alt_flash_dev.c
Compiling alt_fork.c...
nios2-elf-gcc.exe -xc -MP -MMD -c  -I./HAL/inc -I. -I./drivers/inc -pipe -D__hal__ -DALT_NO_INSTRUCTION_EMULATION -DALT_SINGLE_THREADED    -O0 -g -Wall  -mno-hw-div -mno-hw-mul -mno-hw-mulx -mgpopt=global   -o obj/HAL/src/alt_fork.o HAL/src/alt_fork.c
Compiling alt_fs_reg.c...
nios2-elf-gcc.exe -xc -MP -MMD -c  -I./HAL/inc -I. -I./drivers/inc -pipe -D__hal__ -DALT_NO_INSTRUCTION_EMULATION -DALT_SINGLE_THREADED    -O0 -g -Wall  -mno-hw-div -mno-hw-mul -mno-hw-mulx -mgpopt=global   -o obj/HAL/src/alt_fs_reg.o HAL/src/alt_fs_reg.c
Compiling alt_fstat.c...
nios2-elf-gcc.exe -xc -MP -MMD -c  -I./HAL/inc -I. -I./drivers/inc -pipe -D__hal__ -DALT_NO_INSTRUCTION_EMULATION -DALT_SINGLE_THREADED    -O0 -g -Wall  -mno-hw-div -mno-hw-mul -mno-hw-mulx -mgpopt=global   -o obj/HAL/src/alt_fstat.o HAL/src/alt_fstat.c
Compiling alt_get_fd.c...
nios2-elf-gcc.exe -xc -MP -MMD -c  -I./HAL/inc -I. -I./drivers/inc -pipe -D__hal__ -DALT_NO_INSTRUCTION_EMULATION -DALT_SINGLE_THREADED    -O0 -g -Wall  -mno-hw-div -mno-hw-mul -mno-hw-mulx -mgpopt=global   -o obj/HAL/src/alt_get_fd.o HAL/src/alt_get_fd.c
Compiling alt_getchar.c...
nios2-elf-gcc.exe -xc -MP -MMD -c  -I./HAL/inc -I. -I./drivers/inc -pipe -D__hal__ -DALT_NO_INSTRUCTION_EMULATION -DALT_SINGLE_THREADED    -O0 -g -Wall  -mno-hw-div -mno-hw-mul -mno-hw-mulx -mgpopt=global   -o obj/HAL/src/alt_getchar.o HAL/src/alt_getchar.c
Compiling alt_getpid.c...
nios2-elf-gcc.exe -xc -MP -MMD -c  -I./HAL/inc -I. -I./drivers/inc -pipe -D__hal__ -DALT_NO_INSTRUCTION_EMULATION -DALT_SINGLE_THREADED    -O0 -g -Wall  -mno-hw-div -mno-hw-mul -mno-hw-mulx -mgpopt=global   -o obj/HAL/src/alt_getpid.o HAL/src/alt_getpid.c
Compiling alt_gettod.c...
nios2-elf-gcc.exe -xc -MP -MMD -c  -I./HAL/inc -I. -I./drivers/inc -pipe -D__hal__ -DALT_NO_INSTRUCTION_EMULATION -DALT_SINGLE_THREADED    -O0 -g -Wall  -mno-hw-div -mno-hw-mul -mno-hw-mulx -mgpopt=global   -o obj/HAL/src/alt_gettod.o HAL/src/alt_gettod.c
Compiling alt_gmon.c...
nios2-elf-gcc.exe -xc -MP -MMD -c  -I./HAL/inc -I. -I./drivers/inc -pipe -D__hal__ -DALT_NO_INSTRUCTION_EMULATION -DALT_SINGLE_THREADED    -O0 -g -Wall  -mno-hw-div -mno-hw-mul -mno-hw-mulx -mgpopt=global   -o obj/HAL/src/alt_gmon.o HAL/src/alt_gmon.c
Compiling alt_icache_flush.c...
nios2-elf-gcc.exe -xc -MP -MMD -c  -I./HAL/inc -I. -I./drivers/inc -pipe -D__hal__ -DALT_NO_INSTRUCTION_EMULATION -DALT_SINGLE_THREADED    -O0 -g -Wall  -mno-hw-div -mno-hw-mul -mno-hw-mulx -mgpopt=global   -o obj/HAL/src/alt_icache_flush.o HAL/src/alt_icache_flush.c
Compiling alt_icache_flush_all.c...
nios2-elf-gcc.exe -xc -MP -MMD -c  -I./HAL/inc -I. -I./drivers/inc -pipe -D__hal__ -DALT_NO_INSTRUCTION_EMULATION -DALT_SINGLE_THREADED    -O0 -g -Wall  -mno-hw-div -mno-hw-mul -mno-hw-mulx -mgpopt=global   -o obj/HAL/src/alt_icache_flush_all.o HAL/src/alt_icache_flush_all.c
Compiling alt_iic.c...
nios2-elf-gcc.exe -xc -MP -MMD -c  -I./HAL/inc -I. -I./drivers/inc -pipe -D__hal__ -DALT_NO_INSTRUCTION_EMULATION -DALT_SINGLE_THREADED    -O0 -g -Wall  -mno-hw-div -mno-hw-mul -mno-hw-mulx -mgpopt=global   -o obj/HAL/src/alt_iic.o HAL/src/alt_iic.c
Compiling alt_iic_isr_register.c...
nios2-elf-gcc.exe -xc -MP -MMD -c  -I./HAL/inc -I. -I./drivers/inc -pipe -D__hal__ -DALT_NO_INSTRUCTION_EMULATION -DALT_SINGLE_THREADED    -O0 -g -Wall  -mno-hw-div -mno-hw-mul -mno-hw-mulx -mgpopt=global   -o obj/HAL/src/alt_iic_isr_register.o HAL/src/alt_iic_isr_register.c
Compiling alt_instruction_exception_entry.c...
nios2-elf-gcc.exe -xc -MP -MMD -c  -I./HAL/inc -I. -I./drivers/inc -pipe -D__hal__ -DALT_NO_INSTRUCTION_EMULATION -DALT_SINGLE_THREADED    -O0 -g -Wall  -mno-hw-div -mno-hw-mul -mno-hw-mulx -mgpopt=global   -o obj/HAL/src/alt_instruction_exception_entry.o HAL/src/alt_instruction_exception_entry.c
Compiling alt_instruction_exception_register.c...
nios2-elf-gcc.exe -xc -MP -MMD -c  -I./HAL/inc -I. -I./drivers/inc -pipe -D__hal__ -DALT_NO_INSTRUCTION_EMULATION -DALT_SINGLE_THREADED    -O0 -g -Wall  -mno-hw-div -mno-hw-mul -mno-hw-mulx -mgpopt=global   -o obj/HAL/src/alt_instruction_exception_register.o HAL/src/alt_instruction_exception_register.c
Compiling alt_io_redirect.c...
nios2-elf-gcc.exe -xc -MP -MMD -c  -I./HAL/inc -I. -I./drivers/inc -pipe -D__hal__ -DALT_NO_INSTRUCTION_EMULATION -DALT_SINGLE_THREADED    -O0 -g -Wall  -mno-hw-div -mno-hw-mul -mno-hw-mulx -mgpopt=global   -o obj/HAL/src/alt_io_redirect.o HAL/src/alt_io_redirect.c
Compiling alt_ioctl.c...
nios2-elf-gcc.exe -xc -MP -MMD -c  -I./HAL/inc -I. -I./drivers/inc -pipe -D__hal__ -DALT_NO_INSTRUCTION_EMULATION -DALT_SINGLE_THREADED    -O0 -g -Wall  -mno-hw-div -mno-hw-mul -mno-hw-mulx -mgpopt=global   -o obj/HAL/src/alt_ioctl.o HAL/src/alt_ioctl.c
Compiling alt_irq_entry.S...
nios2-elf-gcc.exe -MP -MMD -c   -O0 -g -Wall  -mno-hw-div -mno-hw-mul -mno-hw-mulx -mgpopt=global    -I./HAL/inc -I. -I./drivers/inc -pipe -D__hal__ -DALT_NO_INSTRUCTION_EMULATION -DALT_SINGLE_THREADED  -Wa,-gdwarf2  -o obj/HAL/src/alt_irq_entry.o HAL/src/alt_irq_entry.S
Compiling alt_irq_handler.c...
nios2-elf-gcc.exe -xc -MP -MMD -c  -I./HAL/inc -I. -I./drivers/inc -pipe -D__hal__ -DALT_NO_INSTRUCTION_EMULATION -DALT_SINGLE_THREADED    -O0 -g -Wall  -mno-hw-div -mno-hw-mul -mno-hw-mulx -mgpopt=global   -o obj/HAL/src/alt_irq_handler.o HAL/src/alt_irq_handler.c
Compiling alt_irq_register.c...
nios2-elf-gcc.exe -xc -MP -MMD -c  -I./HAL/inc -I. -I./drivers/inc -pipe -D__hal__ -DALT_NO_INSTRUCTION_EMULATION -DALT_SINGLE_THREADED    -O0 -g -Wall  -mno-hw-div -mno-hw-mul -mno-hw-mulx -mgpopt=global   -o obj/HAL/src/alt_irq_register.o HAL/src/alt_irq_register.c
Compiling alt_irq_vars.c...
nios2-elf-gcc.exe -xc -MP -MMD -c  -I./HAL/inc -I. -I./drivers/inc -pipe -D__hal__ -DALT_NO_INSTRUCTION_EMULATION -DALT_SINGLE_THREADED    -O0 -g -Wall  -mno-hw-div -mno-hw-mul -mno-hw-mulx -mgpopt=global   -o obj/HAL/src/alt_irq_vars.o HAL/src/alt_irq_vars.c
Compiling alt_isatty.c...
nios2-elf-gcc.exe -xc -MP -MMD -c  -I./HAL/inc -I. -I./drivers/inc -pipe -D__hal__ -DALT_NO_INSTRUCTION_EMULATION -DALT_SINGLE_THREADED    -O0 -g -Wall  -mno-hw-div -mno-hw-mul -mno-hw-mulx -mgpopt=global   -o obj/HAL/src/alt_isatty.o HAL/src/alt_isatty.c
Compiling alt_kill.c...
nios2-elf-gcc.exe -xc -MP -MMD -c  -I./HAL/inc -I. -I./drivers/inc -pipe -D__hal__ -DALT_NO_INSTRUCTION_EMULATION -DALT_SINGLE_THREADED    -O0 -g -Wall  -mno-hw-div -mno-hw-mul -mno-hw-mulx -mgpopt=global   -o obj/HAL/src/alt_kill.o HAL/src/alt_kill.c
Compiling alt_link.c...
nios2-elf-gcc.exe -xc -MP -MMD -c  -I./HAL/inc -I. -I./drivers/inc -pipe -D__hal__ -DALT_NO_INSTRUCTION_EMULATION -DALT_SINGLE_THREADED    -O0 -g -Wall  -mno-hw-div -mno-hw-mul -mno-hw-mulx -mgpopt=global   -o obj/HAL/src/alt_link.o HAL/src/alt_link.c
Compiling alt_load.c...
nios2-elf-gcc.exe -xc -MP -MMD -c  -I./HAL/inc -I. -I./drivers/inc -pipe -D__hal__ -DALT_NO_INSTRUCTION_EMULATION -DALT_SINGLE_THREADED    -O0 -g -Wall  -mno-hw-div -mno-hw-mul -mno-hw-mulx -mgpopt=global   -o obj/HAL/src/alt_load.o HAL/src/alt_load.c
Compiling alt_log_macro.S...
nios2-elf-gcc.exe -MP -MMD -c   -O0 -g -Wall  -mno-hw-div -mno-hw-mul -mno-hw-mulx -mgpopt=global    -I./HAL/inc -I. -I./drivers/inc -pipe -D__hal__ -DALT_NO_INSTRUCTION_EMULATION -DALT_SINGLE_THREADED  -Wa,-gdwarf2  -o obj/HAL/src/alt_log_macro.o HAL/src/alt_log_macro.S
Compiling alt_log_printf.c...
nios2-elf-gcc.exe -xc -MP -MMD -c  -I./HAL/inc -I. -I./drivers/inc -pipe -D__hal__ -DALT_NO_INSTRUCTION_EMULATION -DALT_SINGLE_THREADED    -O0 -g -Wall  -mno-hw-div -mno-hw-mul -mno-hw-mulx -mgpopt=global   -o obj/HAL/src/alt_log_printf.o HAL/src/alt_log_printf.c
Compiling alt_lseek.c...
nios2-elf-gcc.exe -xc -MP -MMD -c  -I./HAL/inc -I. -I./drivers/inc -pipe -D__hal__ -DALT_NO_INSTRUCTION_EMULATION -DALT_SINGLE_THREADED    -O0 -g -Wall  -mno-hw-div -mno-hw-mul -mno-hw-mulx -mgpopt=global   -o obj/HAL/src/alt_lseek.o HAL/src/alt_lseek.c
Compiling alt_main.c...
nios2-elf-gcc.exe -xc -MP -MMD -c  -I./HAL/inc -I. -I./drivers/inc -pipe -D__hal__ -DALT_NO_INSTRUCTION_EMULATION -DALT_SINGLE_THREADED    -O0 -g -Wall  -mno-hw-div -mno-hw-mul -mno-hw-mulx -mgpopt=global   -o obj/HAL/src/alt_main.o HAL/src/alt_main.c
Compiling alt_malloc_lock.c...
nios2-elf-gcc.exe -xc -MP -MMD -c  -I./HAL/inc -I. -I./drivers/inc -pipe -D__hal__ -DALT_NO_INSTRUCTION_EMULATION -DALT_SINGLE_THREADED    -O0 -g -Wall  -mno-hw-div -mno-hw-mul -mno-hw-mulx -mgpopt=global   -o obj/HAL/src/alt_malloc_lock.o HAL/src/alt_malloc_lock.c
Compiling alt_mcount.S...
nios2-elf-gcc.exe -MP -MMD -c   -O0 -g -Wall  -mno-hw-div -mno-hw-mul -mno-hw-mulx -mgpopt=global    -I./HAL/inc -I. -I./drivers/inc -pipe -D__hal__ -DALT_NO_INSTRUCTION_EMULATION -DALT_SINGLE_THREADED  -Wa,-gdwarf2  -o obj/HAL/src/alt_mcount.o HAL/src/alt_mcount.S
Compiling alt_open.c...
nios2-elf-gcc.exe -xc -MP -MMD -c  -I./HAL/inc -I. -I./drivers/inc -pipe -D__hal__ -DALT_NO_INSTRUCTION_EMULATION -DALT_SINGLE_THREADED    -O0 -g -Wall  -mno-hw-div -mno-hw-mul -mno-hw-mulx -mgpopt=global   -o obj/HAL/src/alt_open.o HAL/src/alt_open.c
Compiling alt_printf.c...
nios2-elf-gcc.exe -xc -MP -MMD -c  -I./HAL/inc -I. -I./drivers/inc -pipe -D__hal__ -DALT_NO_INSTRUCTION_EMULATION -DALT_SINGLE_THREADED    -O0 -g -Wall  -mno-hw-div -mno-hw-mul -mno-hw-mulx -mgpopt=global   -o obj/HAL/src/alt_printf.o HAL/src/alt_printf.c
Compiling alt_putchar.c...
nios2-elf-gcc.exe -xc -MP -MMD -c  -I./HAL/inc -I. -I./drivers/inc -pipe -D__hal__ -DALT_NO_INSTRUCTION_EMULATION -DALT_SINGLE_THREADED    -O0 -g -Wall  -mno-hw-div -mno-hw-mul -mno-hw-mulx -mgpopt=global   -o obj/HAL/src/alt_putchar.o HAL/src/alt_putchar.c
Compiling alt_putcharbuf.c...
nios2-elf-gcc.exe -xc -MP -MMD -c  -I./HAL/inc -I. -I./drivers/inc -pipe -D__hal__ -DALT_NO_INSTRUCTION_EMULATION -DALT_SINGLE_THREADED    -O0 -g -Wall  -mno-hw-div -mno-hw-mul -mno-hw-mulx -mgpopt=global   -o obj/HAL/src/alt_putcharbuf.o HAL/src/alt_putcharbuf.c
Compiling alt_putstr.c...
nios2-elf-gcc.exe -xc -MP -MMD -c  -I./HAL/inc -I. -I./drivers/inc -pipe -D__hal__ -DALT_NO_INSTRUCTION_EMULATION -DALT_SINGLE_THREADED    -O0 -g -Wall  -mno-hw-div -mno-hw-mul -mno-hw-mulx -mgpopt=global   -o obj/HAL/src/alt_putstr.o HAL/src/alt_putstr.c
Compiling alt_read.c...
nios2-elf-gcc.exe -xc -MP -MMD -c  -I./HAL/inc -I. -I./drivers/inc -pipe -D__hal__ -DALT_NO_INSTRUCTION_EMULATION -DALT_SINGLE_THREADED    -O0 -g -Wall  -mno-hw-div -mno-hw-mul -mno-hw-mulx -mgpopt=global   -o obj/HAL/src/alt_read.o HAL/src/alt_read.c
Compiling alt_release_fd.c...
nios2-elf-gcc.exe -xc -MP -MMD -c  -I./HAL/inc -I. -I./drivers/inc -pipe -D__hal__ -DALT_NO_INSTRUCTION_EMULATION -DALT_SINGLE_THREADED    -O0 -g -Wall  -mno-hw-div -mno-hw-mul -mno-hw-mulx -mgpopt=global   -o obj/HAL/src/alt_release_fd.o HAL/src/alt_release_fd.c
Compiling alt_remap_cached.c...
nios2-elf-gcc.exe -xc -MP -MMD -c  -I./HAL/inc -I. -I./drivers/inc -pipe -D__hal__ -DALT_NO_INSTRUCTION_EMULATION -DALT_SINGLE_THREADED    -O0 -g -Wall  -mno-hw-div -mno-hw-mul -mno-hw-mulx -mgpopt=global   -o obj/HAL/src/alt_remap_cached.o HAL/src/alt_remap_cached.c
Compiling alt_remap_uncached.c...
nios2-elf-gcc.exe -xc -MP -MMD -c  -I./HAL/inc -I. -I./drivers/inc -pipe -D__hal__ -DALT_NO_INSTRUCTION_EMULATION -DALT_SINGLE_THREADED    -O0 -g -Wall  -mno-hw-div -mno-hw-mul -mno-hw-mulx -mgpopt=global   -o obj/HAL/src/alt_remap_uncached.o HAL/src/alt_remap_uncached.c
Compiling alt_rename.c...
nios2-elf-gcc.exe -xc -MP -MMD -c  -I./HAL/inc -I. -I./drivers/inc -pipe -D__hal__ -DALT_NO_INSTRUCTION_EMULATION -DALT_SINGLE_THREADED    -O0 -g -Wall  -mno-hw-div -mno-hw-mul -mno-hw-mulx -mgpopt=global   -o obj/HAL/src/alt_rename.o HAL/src/alt_rename.c
Compiling alt_sbrk.c...
nios2-elf-gcc.exe -xc -MP -MMD -c  -I./HAL/inc -I. -I./drivers/inc -pipe -D__hal__ -DALT_NO_INSTRUCTION_EMULATION -DALT_SINGLE_THREADED    -O0 -g -Wall  -mno-hw-div -mno-hw-mul -mno-hw-mulx -mgpopt=global   -o obj/HAL/src/alt_sbrk.o HAL/src/alt_sbrk.c
Compiling alt_settod.c...
nios2-elf-gcc.exe -xc -MP -MMD -c  -I./HAL/inc -I. -I./drivers/inc -pipe -D__hal__ -DALT_NO_INSTRUCTION_EMULATION -DALT_SINGLE_THREADED    -O0 -g -Wall  -mno-hw-div -mno-hw-mul -mno-hw-mulx -mgpopt=global   -o obj/HAL/src/alt_settod.o HAL/src/alt_settod.c
Compiling alt_software_exception.S...
nios2-elf-gcc.exe -MP -MMD -c   -O0 -g -Wall  -mno-hw-div -mno-hw-mul -mno-hw-mulx -mgpopt=global    -I./HAL/inc -I. -I./drivers/inc -pipe -D__hal__ -DALT_NO_INSTRUCTION_EMULATION -DALT_SINGLE_THREADED  -Wa,-gdwarf2  -o obj/HAL/src/alt_software_exception.o HAL/src/alt_software_exception.S
Compiling alt_stat.c...
nios2-elf-gcc.exe -xc -MP -MMD -c  -I./HAL/inc -I. -I./drivers/inc -pipe -D__hal__ -DALT_NO_INSTRUCTION_EMULATION -DALT_SINGLE_THREADED    -O0 -g -Wall  -mno-hw-div -mno-hw-mul -mno-hw-mulx -mgpopt=global   -o obj/HAL/src/alt_stat.o HAL/src/alt_stat.c
Compiling alt_tick.c...
nios2-elf-gcc.exe -xc -MP -MMD -c  -I./HAL/inc -I. -I./drivers/inc -pipe -D__hal__ -DALT_NO_INSTRUCTION_EMULATION -DALT_SINGLE_THREADED    -O0 -g -Wall  -mno-hw-div -mno-hw-mul -mno-hw-mulx -mgpopt=global   -o obj/HAL/src/alt_tick.o HAL/src/alt_tick.c
Compiling alt_times.c...
nios2-elf-gcc.exe -xc -MP -MMD -c  -I./HAL/inc -I. -I./drivers/inc -pipe -D__hal__ -DALT_NO_INSTRUCTION_EMULATION -DALT_SINGLE_THREADED    -O0 -g -Wall  -mno-hw-div -mno-hw-mul -mno-hw-mulx -mgpopt=global   -o obj/HAL/src/alt_times.o HAL/src/alt_times.c
Compiling alt_uncached_free.c...
nios2-elf-gcc.exe -xc -MP -MMD -c  -I./HAL/inc -I. -I./drivers/inc -pipe -D__hal__ -DALT_NO_INSTRUCTION_EMULATION -DALT_SINGLE_THREADED    -O0 -g -Wall  -mno-hw-div -mno-hw-mul -mno-hw-mulx -mgpopt=global   -o obj/HAL/src/alt_uncached_free.o HAL/src/alt_uncached_free.c
Compiling alt_uncached_malloc.c...
nios2-elf-gcc.exe -xc -MP -MMD -c  -I./HAL/inc -I. -I./drivers/inc -pipe -D__hal__ -DALT_NO_INSTRUCTION_EMULATION -DALT_SINGLE_THREADED    -O0 -g -Wall  -mno-hw-div -mno-hw-mul -mno-hw-mulx -mgpopt=global   -o obj/HAL/src/alt_uncached_malloc.o HAL/src/alt_uncached_malloc.c
Compiling alt_unlink.c...
nios2-elf-gcc.exe -xc -MP -MMD -c  -I./HAL/inc -I. -I./drivers/inc -pipe -D__hal__ -DALT_NO_INSTRUCTION_EMULATION -DALT_SINGLE_THREADED    -O0 -g -Wall  -mno-hw-div -mno-hw-mul -mno-hw-mulx -mgpopt=global   -o obj/HAL/src/alt_unlink.o HAL/src/alt_unlink.c
Compiling alt_usleep.c...
nios2-elf-gcc.exe -xc -MP -MMD -c  -I./HAL/inc -I. -I./drivers/inc -pipe -D__hal__ -DALT_NO_INSTRUCTION_EMULATION -DALT_SINGLE_THREADED    -O0 -g -Wall  -mno-hw-div -mno-hw-mul -mno-hw-mulx -mgpopt=global   -o obj/HAL/src/alt_usleep.o HAL/src/alt_usleep.c
Compiling alt_wait.c...
nios2-elf-gcc.exe -xc -MP -MMD -c  -I./HAL/inc -I. -I./drivers/inc -pipe -D__hal__ -DALT_NO_INSTRUCTION_EMULATION -DALT_SINGLE_THREADED    -O0 -g -Wall  -mno-hw-div -mno-hw-mul -mno-hw-mulx -mgpopt=global   -o obj/HAL/src/alt_wait.o HAL/src/alt_wait.c
Compiling alt_write.c...
nios2-elf-gcc.exe -xc -MP -MMD -c  -I./HAL/inc -I. -I./drivers/inc -pipe -D__hal__ -DALT_NO_INSTRUCTION_EMULATION -DALT_SINGLE_THREADED    -O0 -g -Wall  -mno-hw-div -mno-hw-mul -mno-hw-mulx -mgpopt=global   -o obj/HAL/src/alt_write.o HAL/src/alt_write.c
Compiling altera_nios2_gen2_irq.c...
nios2-elf-gcc.exe -xc -MP -MMD -c  -I./HAL/inc -I. -I./drivers/inc -pipe -D__hal__ -DALT_NO_INSTRUCTION_EMULATION -DALT_SINGLE_THREADED    -O0 -g -Wall  -mno-hw-div -mno-hw-mul -mno-hw-mulx -mgpopt=global   -o obj/HAL/src/altera_nios2_gen2_irq.o HAL/src/altera_nios2_gen2_irq.c
Compiling crt0.S...
nios2-elf-gcc.exe -MP -MMD -c   -O0 -g -Wall  -mno-hw-div -mno-hw-mul -mno-hw-mulx -mgpopt=global    -I./HAL/inc -I. -I./drivers/inc -pipe -D__hal__ -DALT_NO_INSTRUCTION_EMULATION -DALT_SINGLE_THREADED  -Wa,-gdwarf2  -o obj/HAL/src/crt0.o HAL/src/crt0.S
Compiling alt_sys_init.c...
nios2-elf-gcc.exe -xc -MP -MMD -c  -I./HAL/inc -I. -I./drivers/inc -pipe -D__hal__ -DALT_NO_INSTRUCTION_EMULATION -DALT_SINGLE_THREADED    -O0 -g -Wall  -mno-hw-div -mno-hw-mul -mno-hw-mulx -mgpopt=global   -o obj/alt_sys_init.o alt_sys_init.c
Compiling altera_avalon_jtag_uart_fd.c...
nios2-elf-gcc.exe -xc -MP -MMD -c  -I./HAL/inc -I. -I./drivers/inc -pipe -D__hal__ -DALT_NO_INSTRUCTION_EMULATION -DALT_SINGLE_THREADED    -O0 -g -Wall  -mno-hw-div -mno-hw-mul -mno-hw-mulx -mgpopt=global   -o obj/drivers/src/altera_avalon_jtag_uart_fd.o drivers/src/altera_avalon_jtag_uart_fd.c
Compiling altera_avalon_jtag_uart_init.c...
nios2-elf-gcc.exe -xc -MP -MMD -c  -I./HAL/inc -I. -I./drivers/inc -pipe -D__hal__ -DALT_NO_INSTRUCTION_EMULATION -DALT_SINGLE_THREADED    -O0 -g -Wall  -mno-hw-div -mno-hw-mul -mno-hw-mulx -mgpopt=global   -o obj/drivers/src/altera_avalon_jtag_uart_init.o drivers/src/altera_avalon_jtag_uart_init.c
Compiling altera_avalon_jtag_uart_ioctl.c...
nios2-elf-gcc.exe -xc -MP -MMD -c  -I./HAL/inc -I. -I./drivers/inc -pipe -D__hal__ -DALT_NO_INSTRUCTION_EMULATION -DALT_SINGLE_THREADED    -O0 -g -Wall  -mno-hw-div -mno-hw-mul -mno-hw-mulx -mgpopt=global   -o obj/drivers/src/altera_avalon_jtag_uart_ioctl.o drivers/src/altera_avalon_jtag_uart_ioctl.c
Compiling altera_avalon_jtag_uart_read.c...
nios2-elf-gcc.exe -xc -MP -MMD -c  -I./HAL/inc -I. -I./drivers/inc -pipe -D__hal__ -DALT_NO_INSTRUCTION_EMULATION -DALT_SINGLE_THREADED    -O0 -g -Wall  -mno-hw-div -mno-hw-mul -mno-hw-mulx -mgpopt=global   -o obj/drivers/src/altera_avalon_jtag_uart_read.o drivers/src/altera_avalon_jtag_uart_read.c
Compiling altera_avalon_jtag_uart_write.c...
nios2-elf-gcc.exe -xc -MP -MMD -c  -I./HAL/inc -I. -I./drivers/inc -pipe -D__hal__ -DALT_NO_INSTRUCTION_EMULATION -DALT_SINGLE_THREADED    -O0 -g -Wall  -mno-hw-div -mno-hw-mul -mno-hw-mulx -mgpopt=global   -o obj/drivers/src/altera_avalon_jtag_uart_write.o drivers/src/altera_avalon_jtag_uart_write.c
Compiling altera_avalon_sysid_qsys.c...
nios2-elf-gcc.exe -xc -MP -MMD -c  -I./HAL/inc -I. -I./drivers/inc -pipe -D__hal__ -DALT_NO_INSTRUCTION_EMULATION -DALT_SINGLE_THREADED    -O0 -g -Wall  -mno-hw-div -mno-hw-mul -mno-hw-mulx -mgpopt=global   -o obj/drivers/src/altera_avalon_sysid_qsys.o drivers/src/altera_avalon_sysid_qsys.c
Compiling altera_avalon_timer_sc.c...
nios2-elf-gcc.exe -xc -MP -MMD -c  -I./HAL/inc -I. -I./drivers/inc -pipe -D__hal__ -DALT_NO_INSTRUCTION_EMULATION -DALT_SINGLE_THREADED    -O0 -g -Wall  -mno-hw-div -mno-hw-mul -mno-hw-mulx -mgpopt=global   -o obj/drivers/src/altera_avalon_timer_sc.o drivers/src/altera_avalon_timer_sc.c
Compiling altera_avalon_timer_ts.c...
nios2-elf-gcc.exe -xc -MP -MMD -c  -I./HAL/inc -I. -I./drivers/inc -pipe -D__hal__ -DALT_NO_INSTRUCTION_EMULATION -DALT_SINGLE_THREADED    -O0 -g -Wall  -mno-hw-div -mno-hw-mul -mno-hw-mulx -mgpopt=global   -o obj/drivers/src/altera_avalon_timer_ts.o drivers/src/altera_avalon_timer_ts.c
Compiling altera_avalon_timer_vars.c...
nios2-elf-gcc.exe -xc -MP -MMD -c  -I./HAL/inc -I. -I./drivers/inc -pipe -D__hal__ -DALT_NO_INSTRUCTION_EMULATION -DALT_SINGLE_THREADED    -O0 -g -Wall  -mno-hw-div -mno-hw-mul -mno-hw-mulx -mgpopt=global   -o obj/drivers/src/altera_avalon_timer_vars.o drivers/src/altera_avalon_timer_vars.c
Creating libhal_bsp.a...
rm -f -f libhal_bsp.a
nios2-elf-ar.exe -src libhal_bsp.a obj/HAL/src/alt_alarm_start.o obj/HAL/src/alt_busy_sleep.o obj/HAL/src/alt_close.o obj/HAL/src/alt_dcache_flush.o obj/HAL/src/alt_dcache_flush_all.o obj/HAL/src/alt_dcache_flush_no_writeback.o obj/HAL/src/alt_dev.o obj/HAL/src/alt_dev_llist_insert.o obj/HAL/src/alt_dma_rxchan_open.o obj/HAL/src/alt_dma_txchan_open.o obj/HAL/src/alt_do_ctors.o obj/HAL/src/alt_do_dtors.o obj/HAL/src/alt_ecc_fatal_entry.o obj/HAL/src/alt_ecc_fatal_exception.o obj/HAL/src/alt_env_lock.o obj/HAL/src/alt_environ.o obj/HAL/src/alt_errno.o obj/HAL/src/alt_exception_entry.o obj/HAL/src/alt_exception_muldiv.o obj/HAL/src/alt_exception_trap.o obj/HAL/src/alt_execve.o obj/HAL/src/alt_exit.o obj/HAL/src/alt_fcntl.o obj/HAL/src/alt_fd_lock.o obj/HAL/src/alt_fd_unlock.o obj/HAL/src/alt_find_dev.o obj/HAL/src/alt_find_file.o obj/HAL/src/alt_flash_dev.o obj/HAL/src/alt_fork.o obj/HAL/src/alt_fs_reg.o obj/HAL/src/alt_fstat.o obj/HAL/src/alt_get_fd.o obj/HAL/src/alt_getchar.o obj/HAL/src/alt_getpid.o obj/HAL/src/alt_gettod.o obj/HAL/src/alt_gmon.o obj/HAL/src/alt_icache_flush.o obj/HAL/src/alt_icache_flush_all.o obj/HAL/src/alt_iic.o obj/HAL/src/alt_iic_isr_register.o obj/HAL/src/alt_instruction_exception_entry.o obj/HAL/src/alt_instruction_exception_register.o obj/HAL/src/alt_io_redirect.o obj/HAL/src/alt_ioctl.o obj/HAL/src/alt_irq_entry.o obj/HAL/src/alt_irq_handler.o obj/HAL/src/alt_irq_register.o obj/HAL/src/alt_irq_vars.o obj/HAL/src/alt_isatty.o obj/HAL/src/alt_kill.o obj/HAL/src/alt_link.o obj/HAL/src/alt_load.o obj/HAL/src/alt_log_macro.o obj/HAL/src/alt_log_printf.o obj/HAL/src/alt_lseek.o obj/HAL/src/alt_main.o obj/HAL/src/alt_malloc_lock.o obj/HAL/src/alt_mcount.o obj/HAL/src/alt_open.o obj/HAL/src/alt_printf.o obj/HAL/src/alt_putchar.o obj/HAL/src/alt_putcharbuf.o obj/HAL/src/alt_putstr.o obj/HAL/src/alt_read.o obj/HAL/src/alt_release_fd.o obj/HAL/src/alt_remap_cached.o obj/HAL/src/alt_remap_uncached.o obj/HAL/src/alt_rename.o obj/HAL/src/alt_sbrk.o obj/HAL/src/alt_settod.o obj/HAL/src/alt_software_exception.o obj/HAL/src/alt_stat.o obj/HAL/src/alt_tick.o obj/HAL/src/alt_times.o obj/HAL/src/alt_uncached_free.o obj/HAL/src/alt_uncached_malloc.o obj/HAL/src/alt_unlink.o obj/HAL/src/alt_usleep.o obj/HAL/src/alt_wait.o obj/HAL/src/alt_write.o obj/HAL/src/altera_nios2_gen2_irq.o obj/HAL/src/crt0.o obj/alt_sys_init.o obj/drivers/src/altera_avalon_jtag_uart_fd.o obj/drivers/src/altera_avalon_jtag_uart_init.o obj/drivers/src/altera_avalon_jtag_uart_ioctl.o obj/drivers/src/altera_avalon_jtag_uart_read.o obj/drivers/src/altera_avalon_jtag_uart_write.o obj/drivers/src/altera_avalon_sysid_qsys.o obj/drivers/src/altera_avalon_timer_sc.o obj/drivers/src/altera_avalon_timer_ts.o obj/drivers/src/altera_avalon_timer_vars.o
[BSP build complete]
Info: Compiling AUDIO.c to obj/default/AUDIO.o
nios2-elf-gcc.exe -xc -MP -MMD -c -Ic:/repos/fpga_dsp/audio_sdram/software/audio_feed_7_bsp//HAL/inc -Ic:/repos/fpga_dsp/audio_sdram/software/audio_feed_7_bsp/ -Ic:/repos/fpga_dsp/audio_sdram/software/audio_feed_7_bsp//drivers/inc  -pipe -D__hal__ -DALT_NO_INSTRUCTION_EMULATION -DALT_SINGLE_THREADED    -O0 -g -Wall   -mno-hw-div -mno-hw-mul -mno-hw-mulx -mgpopt=global  -o obj/default/AUDIO.o AUDIO.c
Info: Compiling I2C.c to obj/default/I2C.o
nios2-elf-gcc.exe -xc -MP -MMD -c -Ic:/repos/fpga_dsp/audio_sdram/software/audio_feed_7_bsp//HAL/inc -Ic:/repos/fpga_dsp/audio_sdram/software/audio_feed_7_bsp/ -Ic:/repos/fpga_dsp/audio_sdram/software/audio_feed_7_bsp//drivers/inc  -pipe -D__hal__ -DALT_NO_INSTRUCTION_EMULATION -DALT_SINGLE_THREADED    -O0 -g -Wall   -mno-hw-div -mno-hw-mul -mno-hw-mulx -mgpopt=global  -o obj/default/I2C.o I2C.c
Info: Compiling LED.c to obj/default/LED.o
nios2-elf-gcc.exe -xc -MP -MMD -c -Ic:/repos/fpga_dsp/audio_sdram/software/audio_feed_7_bsp//HAL/inc -Ic:/repos/fpga_dsp/audio_sdram/software/audio_feed_7_bsp/ -Ic:/repos/fpga_dsp/audio_sdram/software/audio_feed_7_bsp//drivers/inc  -pipe -D__hal__ -DALT_NO_INSTRUCTION_EMULATION -DALT_SINGLE_THREADED    -O0 -g -Wall   -mno-hw-div -mno-hw-mul -mno-hw-mulx -mgpopt=global  -o obj/default/LED.o LED.c
Info: Compiling SEG7.c to obj/default/SEG7.o
nios2-elf-gcc.exe -xc -MP -MMD -c -Ic:/repos/fpga_dsp/audio_sdram/software/audio_feed_7_bsp//HAL/inc -Ic:/repos/fpga_dsp/audio_sdram/software/audio_feed_7_bsp/ -Ic:/repos/fpga_dsp/audio_sdram/software/audio_feed_7_bsp//drivers/inc  -pipe -D__hal__ -DALT_NO_INSTRUCTION_EMULATION -DALT_SINGLE_THREADED    -O0 -g -Wall   -mno-hw-div -mno-hw-mul -mno-hw-mulx -mgpopt=global  -o obj/default/SEG7.o SEG7.c
Info: Compiling debug.c to obj/default/debug.o
nios2-elf-gcc.exe -xc -MP -MMD -c -Ic:/repos/fpga_dsp/audio_sdram/software/audio_feed_7_bsp//HAL/inc -Ic:/repos/fpga_dsp/audio_sdram/software/audio_feed_7_bsp/ -Ic:/repos/fpga_dsp/audio_sdram/software/audio_feed_7_bsp//drivers/inc  -pipe -D__hal__ -DALT_NO_INSTRUCTION_EMULATION -DALT_SINGLE_THREADED    -O0 -g -Wall   -mno-hw-div -mno-hw-mul -mno-hw-mulx -mgpopt=global  -o obj/default/debug.o debug.c
debug.c: In function 'myprintf_hex_array':
debug.c:72:17: warning: pointer targets in passing argument 1 of 'sprintf' differ in signedness [-Wpointer-sign]
   72 |         sprintf(szText, "[%02X]", *(pHex+i));
      |                 ^~~~~~
      |                 |
      |                 unsigned char *
In file included from debug.c:32:
c:\intelfpga_lite\20.1\nios2eds\bin\gnu\h-x86_64-mingw32\nios2-elf\include\stdio.h:244:14: note: expected 'char * restrict' but argument is of type 'unsigned char *'
  244 | int sprintf (char *__restrict, const char *__restrict, ...)
      |              ^
In file included from my_includes.h:53,
                 from debug.c:34:
debug.c:73:16: warning: pointer targets in passing argument 1 of 'myprintf' differ in signedness [-Wpointer-sign]
   73 |         DEBUG((szText));
      |                ^~~~~~
      |                |
      |                unsigned char *
debug.h:47:42: note: in definition of macro 'DEBUG'
   47 | #define DEBUG(x)               {myprintf x;}  // standard in/out, specifed in project (it could be uart, jtag, or lcd)
      |                                          ^
debug.c:53:20: note: expected 'char *' but argument is of type 'unsigned char *'
   53 | int myprintf(char *format, ...){
      |              ~~~~~~^~~~~~
Info: Compiling main.c to obj/default/main.o
nios2-elf-gcc.exe -xc -MP -MMD -c -Ic:/repos/fpga_dsp/audio_sdram/software/audio_feed_7_bsp//HAL/inc -Ic:/repos/fpga_dsp/audio_sdram/software/audio_feed_7_bsp/ -Ic:/repos/fpga_dsp/audio_sdram/software/audio_feed_7_bsp//drivers/inc  -pipe -D__hal__ -DALT_NO_INSTRUCTION_EMULATION -DALT_SINGLE_THREADED    -O0 -g -Wall   -mno-hw-div -mno-hw-mul -mno-hw-mulx -mgpopt=global  -o obj/default/main.o main.c
main.c: In function 'record_to_play':
main.c:451:8: warning: suggest parentheses around comparison in operand of '==' [-Wparentheses]
  451 |   if(w < WORDS == FALSE){
      |        ^
main.c:444:11: warning: unused variable 'R_out' [-Wunused-variable]
  444 |   int16_t R_out = (int16_t)(word_out & 0xFFFF);
      |           ^~~~~
In file included from my_includes.h:41,
                 from main.c:65:
main.c: In function 'final_audio_read':
c:\repos\fpga_dsp\audio_sdram\software\audio_feed_7_bsp\hal\inc\io.h:73:3: warning: passing argument 1 of 'printf' makes pointer from integer without a cast [-Wint-conversion]
   73 |   __builtin_ldwio (__IO_CALC_ADDRESS_NATIVE ((BASE), (REGNUM)))
      |   ^~~~~~~~~~~~~~~~~~~~~~~~~~~~~~~~~~~~~~~~~~~~~~~~~~~~~~~~~~~~~
      |   |
      |   int
c:\repos\fpga_dsp\audio_sdram\software\audio_feed_7_bsp\drivers\inc\altera_avalon_pio_regs.h:37:55: note: in expansion of macro 'IORD'
   37 | #define IORD_ALTERA_AVALON_PIO_DATA(base)             IORD(base, 0)
      |                                                       ^~~~
main.c:463:35: note: in expansion of macro 'IORD_ALTERA_AVALON_PIO_DATA'
  463 |  if ((tick_2 & 0x7FFF)==0) printf(IORD_ALTERA_AVALON_PIO_DATA(FINAL_AUDIO_BASE));
      |                                   ^~~~~~~~~~~~~~~~~~~~~~~~~~~
In file included from my_includes.h:36,
                 from main.c:65:
c:\intelfpga_lite\20.1\nios2eds\bin\gnu\h-x86_64-mingw32\nios2-elf\include\stdio.h:200:13: note: expected 'const char * restrict' but argument is of type 'int'
  200 | int printf (const char *__restrict, ...)
      |             ^
main.c: In function 'main':
main.c:572:12: warning: unused variable 'w_x' [-Wunused-variable]
  572 |  const int w_x    = 8192;   // ≈0.25
      |            ^~~
main.c:571:12: warning: unused variable 'w_main' [-Wunused-variable]
  571 |  const int w_main = 26214;  // ≈0.8
      |            ^~~~~~
main.c:569:11: warning: unused variable 'offset' [-Wunused-variable]
  569 |  uint32_t offset = 0;
      |           ^~~~~~
main.c:567:19: warning: unused variable 'value_r' [-Wunused-variable]
  567 |  alt_u16 value_l, value_r;
      |                   ^~~~~~~
main.c:567:10: warning: unused variable 'value_l' [-Wunused-variable]
  567 |  alt_u16 value_l, value_r;
      |          ^~~~~~~
main.c:566:10: warning: unused variable 'data' [-Wunused-variable]
  566 |  alt_u32 data;
      |          ^~~~
main.c:565:20: warning: unused variable 'ch_left' [-Wunused-variable]
  565 |  alt_u16 ch_right, ch_left;
      |                    ^~~~~~~
main.c:565:10: warning: unused variable 'ch_right' [-Wunused-variable]
  565 |  alt_u16 ch_right, ch_left;
      |          ^~~~~~~~
At top level:
main.c:428:13: warning: 'record_to_play' defined but not used [-Wunused-function]
  428 | static void record_to_play(void){
      |             ^~~~~~~~~~~~~~
main.c:413:13: warning: 'play_from_sdram' defined but not used [-Wunused-function]
  413 | static void play_from_sdram(uint32_t words){
      |             ^~~~~~~~~~~~~~~
main.c:400:17: warning: 'record_to_sdram' defined but not used [-Wunused-function]
  400 | static uint32_t record_to_sdram(void){
      |                 ^~~~~~~~~~~~~~~
main.c:380:79: warning: 'tick_6' defined but not used [-Wunused-variable]
  380 | static uint32_t lw=0, rw=0, tick=0, tick_2=0, tick_3=0, tick_4 = 0, tick_5=0, tick_6=0;
      |                                                                               ^~~~~~
main.c:380:69: warning: 'tick_5' defined but not used [-Wunused-variable]
  380 | static uint32_t lw=0, rw=0, tick=0, tick_2=0, tick_3=0, tick_4 = 0, tick_5=0, tick_6=0;
      |                                                                     ^~~~~~
main.c:380:47: warning: 'tick_3' defined but not used [-Wunused-variable]
  380 | static uint32_t lw=0, rw=0, tick=0, tick_2=0, tick_3=0, tick_4 = 0, tick_5=0, tick_6=0;
      |                                               ^~~~~~
main.c:380:29: warning: 'tick' defined but not used [-Wunused-variable]
  380 | static uint32_t lw=0, rw=0, tick=0, tick_2=0, tick_3=0, tick_4 = 0, tick_5=0, tick_6=0;
      |                             ^~~~
main.c:380:23: warning: 'rw' defined but not used [-Wunused-variable]
  380 | static uint32_t lw=0, rw=0, tick=0, tick_2=0, tick_3=0, tick_4 = 0, tick_5=0, tick_6=0;
      |                       ^~
main.c:380:17: warning: 'lw' defined but not used [-Wunused-variable]
  380 | static uint32_t lw=0, rw=0, tick=0, tick_2=0, tick_3=0, tick_4 = 0, tick_5=0, tick_6=0;
      |                 ^~
Info: Compiling overdrive.c to obj/default/overdrive.o
nios2-elf-gcc.exe -xc -MP -MMD -c -Ic:/repos/fpga_dsp/audio_sdram/software/audio_feed_7_bsp//HAL/inc -Ic:/repos/fpga_dsp/audio_sdram/software/audio_feed_7_bsp/ -Ic:/repos/fpga_dsp/audio_sdram/software/audio_feed_7_bsp//drivers/inc  -pipe -D__hal__ -DALT_NO_INSTRUCTION_EMULATION -DALT_SINGLE_THREADED    -O0 -g -Wall   -mno-hw-div -mno-hw-mul -mno-hw-mulx -mgpopt=global  -o obj/default/overdrive.o overdrive.c
overdrive.c: In function 'od_set_mix_f':
overdrive.c:91:5: warning: this 'if' clause does not guard... [-Wmisleading-indentation]
   91 |     if (m < 0.0f) m = 0.0f; if (m > 1.0f) m = 1.0f;
      |     ^~
overdrive.c:91:29: note: ...this statement, but the latter is misleadingly indented as if it were guarded by the 'if'
   91 |     if (m < 0.0f) m = 0.0f; if (m > 1.0f) m = 1.0f;
      |                             ^~
Info: Linking audio_feed_7.elf
nios2-elf-g++.exe  -T'c:/repos/fpga_dsp/audio_sdram/software/audio_feed_7_bsp//linker.x' -msys-crt0='c:/repos/fpga_dsp/audio_sdram/software/audio_feed_7_bsp//obj/HAL/src/crt0.o' -msys-lib=hal_bsp -Lc:/repos/fpga_dsp/audio_sdram/software/audio_feed_7_bsp/   -Wl,-Map=audio_feed_7.map   -O0 -g -Wall   -mno-hw-div -mno-hw-mul -mno-hw-mulx -mgpopt=global  -o audio_feed_7.elf obj/default/AUDIO.o obj/default/I2C.o obj/default/LED.o obj/default/SEG7.o obj/default/debug.o obj/default/main.o obj/default/overdrive.o -lm -msys-lib=m
nios2-elf-insert.exe audio_feed_7.elf --thread_model hal --cpu_name nios2_gen2_0 --qsys true --simulation_enabled false --id 0 --sidp 0x5101048 --timestamp 1756386196 --stderr_dev jtag_uart --stdin_dev jtag_uart --stdout_dev jtag_uart --sopc_system_name audio_feed --quartus_project_dir "c:/repos/fpga_dsp/audio_sdram" --jdi ../..//output_files/audio_feed.jdi
Info: (audio_feed_7.elf) 112 KBytes program size (code + initialized data).
Info:                    65523 KBytes free for stack + heap.
Info: Creating audio_feed_7.objdump
nios2-elf-objdump.exe --disassemble --syms --all-header --source audio_feed_7.elf >audio_feed_7.objdump
[audio_feed_7 build complete]
20:07:39 **** Build of configuration Nios II for project audio_feed_7_bsp ****
wsl make all 
[BSP build complete]
20:07:49 **** Build of configuration Nios II for project audio_feed_7 ****
wsl make all 
Info: Building /mnt/c/repos/fpga_dsp/audio_sdram/software/audio_feed_7_bsp/
make --no-print-directory -C /mnt/c/repos/fpga_dsp/audio_sdram/software/audio_feed_7_bsp/
[BSP build complete]
[audio_feed_7 build complete]
20:07:52 **** Incremental Build of configuration Nios II for project audio_feed_7 ****
wsl make all 
Info: Building /mnt/c/repos/fpga_dsp/audio_sdram/software/audio_feed_7_bsp/
make --no-print-directory -C /mnt/c/repos/fpga_dsp/audio_sdram/software/audio_feed_7_bsp/
[BSP build complete]
[audio_feed_7 build complete]
20:10:12 **** Clean-only build of configuration Nios II for project audio_feed_7 ****
wsl make clean 
[audio_feed_7 clean complete]
20:10:13 **** Build of configuration Nios II for project audio_feed_7 ****
wsl make all 
Info: Building /mnt/c/repos/fpga_dsp/audio_sdram/software/audio_feed_7_bsp/
make --no-print-directory -C /mnt/c/repos/fpga_dsp/audio_sdram/software/audio_feed_7_bsp/
[BSP build complete]
Info: Compiling AUDIO.c to obj/default/AUDIO.o
nios2-elf-gcc.exe -xc -MP -MMD -c -Ic:/repos/fpga_dsp/audio_sdram/software/audio_feed_7_bsp//HAL/inc -Ic:/repos/fpga_dsp/audio_sdram/software/audio_feed_7_bsp/ -Ic:/repos/fpga_dsp/audio_sdram/software/audio_feed_7_bsp//drivers/inc  -pipe -D__hal__ -DALT_NO_INSTRUCTION_EMULATION -DALT_SINGLE_THREADED    -O0 -g -Wall   -mno-hw-div -mno-hw-mul -mno-hw-mulx -mgpopt=global  -o obj/default/AUDIO.o AUDIO.c
Info: Compiling I2C.c to obj/default/I2C.o
nios2-elf-gcc.exe -xc -MP -MMD -c -Ic:/repos/fpga_dsp/audio_sdram/software/audio_feed_7_bsp//HAL/inc -Ic:/repos/fpga_dsp/audio_sdram/software/audio_feed_7_bsp/ -Ic:/repos/fpga_dsp/audio_sdram/software/audio_feed_7_bsp//drivers/inc  -pipe -D__hal__ -DALT_NO_INSTRUCTION_EMULATION -DALT_SINGLE_THREADED    -O0 -g -Wall   -mno-hw-div -mno-hw-mul -mno-hw-mulx -mgpopt=global  -o obj/default/I2C.o I2C.c
Info: Compiling LED.c to obj/default/LED.o
nios2-elf-gcc.exe -xc -MP -MMD -c -Ic:/repos/fpga_dsp/audio_sdram/software/audio_feed_7_bsp//HAL/inc -Ic:/repos/fpga_dsp/audio_sdram/software/audio_feed_7_bsp/ -Ic:/repos/fpga_dsp/audio_sdram/software/audio_feed_7_bsp//drivers/inc  -pipe -D__hal__ -DALT_NO_INSTRUCTION_EMULATION -DALT_SINGLE_THREADED    -O0 -g -Wall   -mno-hw-div -mno-hw-mul -mno-hw-mulx -mgpopt=global  -o obj/default/LED.o LED.c
Info: Compiling SEG7.c to obj/default/SEG7.o
nios2-elf-gcc.exe -xc -MP -MMD -c -Ic:/repos/fpga_dsp/audio_sdram/software/audio_feed_7_bsp//HAL/inc -Ic:/repos/fpga_dsp/audio_sdram/software/audio_feed_7_bsp/ -Ic:/repos/fpga_dsp/audio_sdram/software/audio_feed_7_bsp//drivers/inc  -pipe -D__hal__ -DALT_NO_INSTRUCTION_EMULATION -DALT_SINGLE_THREADED    -O0 -g -Wall   -mno-hw-div -mno-hw-mul -mno-hw-mulx -mgpopt=global  -o obj/default/SEG7.o SEG7.c
Info: Compiling debug.c to obj/default/debug.o
nios2-elf-gcc.exe -xc -MP -MMD -c -Ic:/repos/fpga_dsp/audio_sdram/software/audio_feed_7_bsp//HAL/inc -Ic:/repos/fpga_dsp/audio_sdram/software/audio_feed_7_bsp/ -Ic:/repos/fpga_dsp/audio_sdram/software/audio_feed_7_bsp//drivers/inc  -pipe -D__hal__ -DALT_NO_INSTRUCTION_EMULATION -DALT_SINGLE_THREADED    -O0 -g -Wall   -mno-hw-div -mno-hw-mul -mno-hw-mulx -mgpopt=global  -o obj/default/debug.o debug.c
debug.c: In function 'myprintf_hex_array':
debug.c:72:17: warning: pointer targets in passing argument 1 of 'sprintf' differ in signedness [-Wpointer-sign]
   72 |         sprintf(szText, "[%02X]", *(pHex+i));
      |                 ^~~~~~
      |                 |
      |                 unsigned char *
In file included from debug.c:32:
c:\intelfpga_lite\20.1\nios2eds\bin\gnu\h-x86_64-mingw32\nios2-elf\include\stdio.h:244:14: note: expected 'char * restrict' but argument is of type 'unsigned char *'
  244 | int sprintf (char *__restrict, const char *__restrict, ...)
      |              ^
In file included from my_includes.h:53,
                 from debug.c:34:
debug.c:73:16: warning: pointer targets in passing argument 1 of 'myprintf' differ in signedness [-Wpointer-sign]
   73 |         DEBUG((szText));
      |                ^~~~~~
      |                |
      |                unsigned char *
debug.h:47:42: note: in definition of macro 'DEBUG'
   47 | #define DEBUG(x)               {myprintf x;}  // standard in/out, specifed in project (it could be uart, jtag, or lcd)
      |                                          ^
debug.c:53:20: note: expected 'char *' but argument is of type 'unsigned char *'
   53 | int myprintf(char *format, ...){
      |              ~~~~~~^~~~~~
Info: Compiling main.c to obj/default/main.o
nios2-elf-gcc.exe -xc -MP -MMD -c -Ic:/repos/fpga_dsp/audio_sdram/software/audio_feed_7_bsp//HAL/inc -Ic:/repos/fpga_dsp/audio_sdram/software/audio_feed_7_bsp/ -Ic:/repos/fpga_dsp/audio_sdram/software/audio_feed_7_bsp//drivers/inc  -pipe -D__hal__ -DALT_NO_INSTRUCTION_EMULATION -DALT_SINGLE_THREADED    -O0 -g -Wall   -mno-hw-div -mno-hw-mul -mno-hw-mulx -mgpopt=global  -o obj/default/main.o main.c
main.c: In function 'record_to_play':
main.c:451:8: warning: suggest parentheses around comparison in operand of '==' [-Wparentheses]
  451 |   if(w < WORDS == FALSE){
      |        ^
main.c:444:11: warning: unused variable 'R_out' [-Wunused-variable]
  444 |   int16_t R_out = (int16_t)(word_out & 0xFFFF);
      |           ^~~~~
main.c: In function 'write_and_read':
main.c:528:36: warning: passing argument 1 of 'printf' makes pointer from integer without a cast [-Wint-conversion]
  528 |   if ((tick_2 & 0x7FFF)==0) printf(L_final);
      |                                    ^~~~~~~
      |                                    |
      |                                    int16_t {aka short int}
In file included from my_includes.h:36,
                 from main.c:65:
c:\intelfpga_lite\20.1\nios2eds\bin\gnu\h-x86_64-mingw32\nios2-elf\include\stdio.h:200:13: note: expected 'const char * restrict' but argument is of type 'int16_t' {aka 'short int'}
  200 | int printf (const char *__restrict, ...)
      |             ^
main.c: In function 'main':
main.c:573:12: warning: unused variable 'w_x' [-Wunused-variable]
  573 |  const int w_x    = 8192;   // ≈0.25
      |            ^~~
main.c:572:12: warning: unused variable 'w_main' [-Wunused-variable]
  572 |  const int w_main = 26214;  // ≈0.8
      |            ^~~~~~
main.c:570:11: warning: unused variable 'offset' [-Wunused-variable]
  570 |  uint32_t offset = 0;
      |           ^~~~~~
main.c:568:19: warning: unused variable 'value_r' [-Wunused-variable]
  568 |  alt_u16 value_l, value_r;
      |                   ^~~~~~~
main.c:568:10: warning: unused variable 'value_l' [-Wunused-variable]
  568 |  alt_u16 value_l, value_r;
      |          ^~~~~~~
main.c:567:10: warning: unused variable 'data' [-Wunused-variable]
  567 |  alt_u32 data;
      |          ^~~~
main.c:566:20: warning: unused variable 'ch_left' [-Wunused-variable]
  566 |  alt_u16 ch_right, ch_left;
      |                    ^~~~~~~
main.c:566:10: warning: unused variable 'ch_right' [-Wunused-variable]
  566 |  alt_u16 ch_right, ch_left;
      |          ^~~~~~~~
At top level:
main.c:428:13: warning: 'record_to_play' defined but not used [-Wunused-function]
  428 | static void record_to_play(void){
      |             ^~~~~~~~~~~~~~
main.c:413:13: warning: 'play_from_sdram' defined but not used [-Wunused-function]
  413 | static void play_from_sdram(uint32_t words){
      |             ^~~~~~~~~~~~~~~
main.c:400:17: warning: 'record_to_sdram' defined but not used [-Wunused-function]
  400 | static uint32_t record_to_sdram(void){
      |                 ^~~~~~~~~~~~~~~
main.c:380:79: warning: 'tick_6' defined but not used [-Wunused-variable]
  380 | static uint32_t lw=0, rw=0, tick=0, tick_2=0, tick_3=0, tick_4 = 0, tick_5=0, tick_6=0;
      |                                                                               ^~~~~~
main.c:380:69: warning: 'tick_5' defined but not used [-Wunused-variable]
  380 | static uint32_t lw=0, rw=0, tick=0, tick_2=0, tick_3=0, tick_4 = 0, tick_5=0, tick_6=0;
      |                                                                     ^~~~~~
main.c:380:47: warning: 'tick_3' defined but not used [-Wunused-variable]
  380 | static uint32_t lw=0, rw=0, tick=0, tick_2=0, tick_3=0, tick_4 = 0, tick_5=0, tick_6=0;
      |                                               ^~~~~~
main.c:380:29: warning: 'tick' defined but not used [-Wunused-variable]
  380 | static uint32_t lw=0, rw=0, tick=0, tick_2=0, tick_3=0, tick_4 = 0, tick_5=0, tick_6=0;
      |                             ^~~~
main.c:380:23: warning: 'rw' defined but not used [-Wunused-variable]
  380 | static uint32_t lw=0, rw=0, tick=0, tick_2=0, tick_3=0, tick_4 = 0, tick_5=0, tick_6=0;
      |                       ^~
main.c:380:17: warning: 'lw' defined but not used [-Wunused-variable]
  380 | static uint32_t lw=0, rw=0, tick=0, tick_2=0, tick_3=0, tick_4 = 0, tick_5=0, tick_6=0;
      |                 ^~
Info: Compiling overdrive.c to obj/default/overdrive.o
nios2-elf-gcc.exe -xc -MP -MMD -c -Ic:/repos/fpga_dsp/audio_sdram/software/audio_feed_7_bsp//HAL/inc -Ic:/repos/fpga_dsp/audio_sdram/software/audio_feed_7_bsp/ -Ic:/repos/fpga_dsp/audio_sdram/software/audio_feed_7_bsp//drivers/inc  -pipe -D__hal__ -DALT_NO_INSTRUCTION_EMULATION -DALT_SINGLE_THREADED    -O0 -g -Wall   -mno-hw-div -mno-hw-mul -mno-hw-mulx -mgpopt=global  -o obj/default/overdrive.o overdrive.c
overdrive.c: In function 'od_set_mix_f':
overdrive.c:91:5: warning: this 'if' clause does not guard... [-Wmisleading-indentation]
   91 |     if (m < 0.0f) m = 0.0f; if (m > 1.0f) m = 1.0f;
      |     ^~
overdrive.c:91:29: note: ...this statement, but the latter is misleadingly indented as if it were guarded by the 'if'
   91 |     if (m < 0.0f) m = 0.0f; if (m > 1.0f) m = 1.0f;
      |                             ^~
Info: Linking audio_feed_7.elf
nios2-elf-g++.exe  -T'c:/repos/fpga_dsp/audio_sdram/software/audio_feed_7_bsp//linker.x' -msys-crt0='c:/repos/fpga_dsp/audio_sdram/software/audio_feed_7_bsp//obj/HAL/src/crt0.o' -msys-lib=hal_bsp -Lc:/repos/fpga_dsp/audio_sdram/software/audio_feed_7_bsp/   -Wl,-Map=audio_feed_7.map   -O0 -g -Wall   -mno-hw-div -mno-hw-mul -mno-hw-mulx -mgpopt=global  -o audio_feed_7.elf obj/default/AUDIO.o obj/default/I2C.o obj/default/LED.o obj/default/SEG7.o obj/default/debug.o obj/default/main.o obj/default/overdrive.o -lm -msys-lib=m
nios2-elf-insert.exe audio_feed_7.elf --thread_model hal --cpu_name nios2_gen2_0 --qsys true --simulation_enabled false --id 0 --sidp 0x5101048 --timestamp 1756386196 --stderr_dev jtag_uart --stdin_dev jtag_uart --stdout_dev jtag_uart --sopc_system_name audio_feed --quartus_project_dir "c:/repos/fpga_dsp/audio_sdram" --jdi ../..//output_files/audio_feed.jdi
Info: (audio_feed_7.elf) 112 KBytes program size (code + initialized data).
Info:                    65523 KBytes free for stack + heap.
Info: Creating audio_feed_7.objdump
nios2-elf-objdump.exe --disassemble --syms --all-header --source audio_feed_7.elf >audio_feed_7.objdump
[audio_feed_7 build complete]
20:10:30 **** Build of configuration Nios II for project audio_feed_7 ****
wsl make all 
Info: Building /mnt/c/repos/fpga_dsp/audio_sdram/software/audio_feed_7_bsp/
make --no-print-directory -C /mnt/c/repos/fpga_dsp/audio_sdram/software/audio_feed_7_bsp/
[BSP build complete]
[audio_feed_7 build complete]
20:10:32 **** Incremental Build of configuration Nios II for project audio_feed_7 ****
wsl make all 
Info: Building /mnt/c/repos/fpga_dsp/audio_sdram/software/audio_feed_7_bsp/
make --no-print-directory -C /mnt/c/repos/fpga_dsp/audio_sdram/software/audio_feed_7_bsp/
[BSP build complete]
[audio_feed_7 build complete]
20:11:25 **** Clean-only build of configuration Nios II for project audio_feed_7 ****
wsl make clean 
[audio_feed_7 clean complete]
20:11:26 **** Build of configuration Nios II for project audio_feed_7 ****
wsl make all 
Info: Building /mnt/c/repos/fpga_dsp/audio_sdram/software/audio_feed_7_bsp/
make --no-print-directory -C /mnt/c/repos/fpga_dsp/audio_sdram/software/audio_feed_7_bsp/
[BSP build complete]
Info: Compiling AUDIO.c to obj/default/AUDIO.o
nios2-elf-gcc.exe -xc -MP -MMD -c -Ic:/repos/fpga_dsp/audio_sdram/software/audio_feed_7_bsp//HAL/inc -Ic:/repos/fpga_dsp/audio_sdram/software/audio_feed_7_bsp/ -Ic:/repos/fpga_dsp/audio_sdram/software/audio_feed_7_bsp//drivers/inc  -pipe -D__hal__ -DALT_NO_INSTRUCTION_EMULATION -DALT_SINGLE_THREADED    -O0 -g -Wall   -mno-hw-div -mno-hw-mul -mno-hw-mulx -mgpopt=global  -o obj/default/AUDIO.o AUDIO.c
Info: Compiling I2C.c to obj/default/I2C.o
nios2-elf-gcc.exe -xc -MP -MMD -c -Ic:/repos/fpga_dsp/audio_sdram/software/audio_feed_7_bsp//HAL/inc -Ic:/repos/fpga_dsp/audio_sdram/software/audio_feed_7_bsp/ -Ic:/repos/fpga_dsp/audio_sdram/software/audio_feed_7_bsp//drivers/inc  -pipe -D__hal__ -DALT_NO_INSTRUCTION_EMULATION -DALT_SINGLE_THREADED    -O0 -g -Wall   -mno-hw-div -mno-hw-mul -mno-hw-mulx -mgpopt=global  -o obj/default/I2C.o I2C.c
Info: Compiling LED.c to obj/default/LED.o
nios2-elf-gcc.exe -xc -MP -MMD -c -Ic:/repos/fpga_dsp/audio_sdram/software/audio_feed_7_bsp//HAL/inc -Ic:/repos/fpga_dsp/audio_sdram/software/audio_feed_7_bsp/ -Ic:/repos/fpga_dsp/audio_sdram/software/audio_feed_7_bsp//drivers/inc  -pipe -D__hal__ -DALT_NO_INSTRUCTION_EMULATION -DALT_SINGLE_THREADED    -O0 -g -Wall   -mno-hw-div -mno-hw-mul -mno-hw-mulx -mgpopt=global  -o obj/default/LED.o LED.c
Info: Compiling SEG7.c to obj/default/SEG7.o
nios2-elf-gcc.exe -xc -MP -MMD -c -Ic:/repos/fpga_dsp/audio_sdram/software/audio_feed_7_bsp//HAL/inc -Ic:/repos/fpga_dsp/audio_sdram/software/audio_feed_7_bsp/ -Ic:/repos/fpga_dsp/audio_sdram/software/audio_feed_7_bsp//drivers/inc  -pipe -D__hal__ -DALT_NO_INSTRUCTION_EMULATION -DALT_SINGLE_THREADED    -O0 -g -Wall   -mno-hw-div -mno-hw-mul -mno-hw-mulx -mgpopt=global  -o obj/default/SEG7.o SEG7.c
Info: Compiling debug.c to obj/default/debug.o
nios2-elf-gcc.exe -xc -MP -MMD -c -Ic:/repos/fpga_dsp/audio_sdram/software/audio_feed_7_bsp//HAL/inc -Ic:/repos/fpga_dsp/audio_sdram/software/audio_feed_7_bsp/ -Ic:/repos/fpga_dsp/audio_sdram/software/audio_feed_7_bsp//drivers/inc  -pipe -D__hal__ -DALT_NO_INSTRUCTION_EMULATION -DALT_SINGLE_THREADED    -O0 -g -Wall   -mno-hw-div -mno-hw-mul -mno-hw-mulx -mgpopt=global  -o obj/default/debug.o debug.c
debug.c: In function 'myprintf_hex_array':
debug.c:72:17: warning: pointer targets in passing argument 1 of 'sprintf' differ in signedness [-Wpointer-sign]
   72 |         sprintf(szText, "[%02X]", *(pHex+i));
      |                 ^~~~~~
      |                 |
      |                 unsigned char *
In file included from debug.c:32:
c:\intelfpga_lite\20.1\nios2eds\bin\gnu\h-x86_64-mingw32\nios2-elf\include\stdio.h:244:14: note: expected 'char * restrict' but argument is of type 'unsigned char *'
  244 | int sprintf (char *__restrict, const char *__restrict, ...)
      |              ^
In file included from my_includes.h:53,
                 from debug.c:34:
debug.c:73:16: warning: pointer targets in passing argument 1 of 'myprintf' differ in signedness [-Wpointer-sign]
   73 |         DEBUG((szText));
      |                ^~~~~~
      |                |
      |                unsigned char *
debug.h:47:42: note: in definition of macro 'DEBUG'
   47 | #define DEBUG(x)               {myprintf x;}  // standard in/out, specifed in project (it could be uart, jtag, or lcd)
      |                                          ^
debug.c:53:20: note: expected 'char *' but argument is of type 'unsigned char *'
   53 | int myprintf(char *format, ...){
      |              ~~~~~~^~~~~~
Info: Compiling main.c to obj/default/main.o
nios2-elf-gcc.exe -xc -MP -MMD -c -Ic:/repos/fpga_dsp/audio_sdram/software/audio_feed_7_bsp//HAL/inc -Ic:/repos/fpga_dsp/audio_sdram/software/audio_feed_7_bsp/ -Ic:/repos/fpga_dsp/audio_sdram/software/audio_feed_7_bsp//drivers/inc  -pipe -D__hal__ -DALT_NO_INSTRUCTION_EMULATION -DALT_SINGLE_THREADED    -O0 -g -Wall   -mno-hw-div -mno-hw-mul -mno-hw-mulx -mgpopt=global  -o obj/default/main.o main.c
main.c: In function 'record_to_play':
main.c:451:8: warning: suggest parentheses around comparison in operand of '==' [-Wparentheses]
  451 |   if(w < WORDS == FALSE){
      |        ^
main.c:444:11: warning: unused variable 'R_out' [-Wunused-variable]
  444 |   int16_t R_out = (int16_t)(word_out & 0xFFFF);
      |           ^~~~~
main.c: In function 'main':
main.c:573:12: warning: unused variable 'w_x' [-Wunused-variable]
  573 |  const int w_x    = 8192;   // ≈0.25
      |            ^~~
main.c:572:12: warning: unused variable 'w_main' [-Wunused-variable]
  572 |  const int w_main = 26214;  // ≈0.8
      |            ^~~~~~
main.c:570:11: warning: unused variable 'offset' [-Wunused-variable]
  570 |  uint32_t offset = 0;
      |           ^~~~~~
main.c:568:19: warning: unused variable 'value_r' [-Wunused-variable]
  568 |  alt_u16 value_l, value_r;
      |                   ^~~~~~~
main.c:568:10: warning: unused variable 'value_l' [-Wunused-variable]
  568 |  alt_u16 value_l, value_r;
      |          ^~~~~~~
main.c:567:10: warning: unused variable 'data' [-Wunused-variable]
  567 |  alt_u32 data;
      |          ^~~~
main.c:566:20: warning: unused variable 'ch_left' [-Wunused-variable]
  566 |  alt_u16 ch_right, ch_left;
      |                    ^~~~~~~
main.c:566:10: warning: unused variable 'ch_right' [-Wunused-variable]
  566 |  alt_u16 ch_right, ch_left;
      |          ^~~~~~~~
At top level:
main.c:428:13: warning: 'record_to_play' defined but not used [-Wunused-function]
  428 | static void record_to_play(void){
      |             ^~~~~~~~~~~~~~
main.c:413:13: warning: 'play_from_sdram' defined but not used [-Wunused-function]
  413 | static void play_from_sdram(uint32_t words){
      |             ^~~~~~~~~~~~~~~
main.c:400:17: warning: 'record_to_sdram' defined but not used [-Wunused-function]
  400 | static uint32_t record_to_sdram(void){
      |                 ^~~~~~~~~~~~~~~
main.c:380:79: warning: 'tick_6' defined but not used [-Wunused-variable]
  380 | static uint32_t lw=0, rw=0, tick=0, tick_2=0, tick_3=0, tick_4 = 0, tick_5=0, tick_6=0;
      |                                                                               ^~~~~~
main.c:380:69: warning: 'tick_5' defined but not used [-Wunused-variable]
  380 | static uint32_t lw=0, rw=0, tick=0, tick_2=0, tick_3=0, tick_4 = 0, tick_5=0, tick_6=0;
      |                                                                     ^~~~~~
main.c:380:47: warning: 'tick_3' defined but not used [-Wunused-variable]
  380 | static uint32_t lw=0, rw=0, tick=0, tick_2=0, tick_3=0, tick_4 = 0, tick_5=0, tick_6=0;
      |                                               ^~~~~~
main.c:380:37: warning: 'tick_2' defined but not used [-Wunused-variable]
  380 | static uint32_t lw=0, rw=0, tick=0, tick_2=0, tick_3=0, tick_4 = 0, tick_5=0, tick_6=0;
      |                                     ^~~~~~
main.c:380:29: warning: 'tick' defined but not used [-Wunused-variable]
  380 | static uint32_t lw=0, rw=0, tick=0, tick_2=0, tick_3=0, tick_4 = 0, tick_5=0, tick_6=0;
      |                             ^~~~
main.c:380:23: warning: 'rw' defined but not used [-Wunused-variable]
  380 | static uint32_t lw=0, rw=0, tick=0, tick_2=0, tick_3=0, tick_4 = 0, tick_5=0, tick_6=0;
      |                       ^~
main.c:380:17: warning: 'lw' defined but not used [-Wunused-variable]
  380 | static uint32_t lw=0, rw=0, tick=0, tick_2=0, tick_3=0, tick_4 = 0, tick_5=0, tick_6=0;
      |                 ^~
Info: Compiling overdrive.c to obj/default/overdrive.o
nios2-elf-gcc.exe -xc -MP -MMD -c -Ic:/repos/fpga_dsp/audio_sdram/software/audio_feed_7_bsp//HAL/inc -Ic:/repos/fpga_dsp/audio_sdram/software/audio_feed_7_bsp/ -Ic:/repos/fpga_dsp/audio_sdram/software/audio_feed_7_bsp//drivers/inc  -pipe -D__hal__ -DALT_NO_INSTRUCTION_EMULATION -DALT_SINGLE_THREADED    -O0 -g -Wall   -mno-hw-div -mno-hw-mul -mno-hw-mulx -mgpopt=global  -o obj/default/overdrive.o overdrive.c
overdrive.c: In function 'od_set_mix_f':
overdrive.c:91:5: warning: this 'if' clause does not guard... [-Wmisleading-indentation]
   91 |     if (m < 0.0f) m = 0.0f; if (m > 1.0f) m = 1.0f;
      |     ^~
overdrive.c:91:29: note: ...this statement, but the latter is misleadingly indented as if it were guarded by the 'if'
   91 |     if (m < 0.0f) m = 0.0f; if (m > 1.0f) m = 1.0f;
      |                             ^~
Info: Linking audio_feed_7.elf
nios2-elf-g++.exe  -T'c:/repos/fpga_dsp/audio_sdram/software/audio_feed_7_bsp//linker.x' -msys-crt0='c:/repos/fpga_dsp/audio_sdram/software/audio_feed_7_bsp//obj/HAL/src/crt0.o' -msys-lib=hal_bsp -Lc:/repos/fpga_dsp/audio_sdram/software/audio_feed_7_bsp/   -Wl,-Map=audio_feed_7.map   -O0 -g -Wall   -mno-hw-div -mno-hw-mul -mno-hw-mulx -mgpopt=global  -o audio_feed_7.elf obj/default/AUDIO.o obj/default/I2C.o obj/default/LED.o obj/default/SEG7.o obj/default/debug.o obj/default/main.o obj/default/overdrive.o -lm -msys-lib=m
nios2-elf-insert.exe audio_feed_7.elf --thread_model hal --cpu_name nios2_gen2_0 --qsys true --simulation_enabled false --id 0 --sidp 0x5101048 --timestamp 1756386196 --stderr_dev jtag_uart --stdin_dev jtag_uart --stdout_dev jtag_uart --sopc_system_name audio_feed --quartus_project_dir "c:/repos/fpga_dsp/audio_sdram" --jdi ../..//output_files/audio_feed.jdi
Info: (audio_feed_7.elf) 112 KBytes program size (code + initialized data).
Info:                    65523 KBytes free for stack + heap.
Info: Creating audio_feed_7.objdump
nios2-elf-objdump.exe --disassemble --syms --all-header --source audio_feed_7.elf >audio_feed_7.objdump
[audio_feed_7 build complete]
20:11:46 **** Build of configuration Nios II for project audio_feed_7 ****
wsl make all 
Info: Building /mnt/c/repos/fpga_dsp/audio_sdram/software/audio_feed_7_bsp/
make --no-print-directory -C /mnt/c/repos/fpga_dsp/audio_sdram/software/audio_feed_7_bsp/
[BSP build complete]
[audio_feed_7 build complete]
20:11:48 **** Incremental Build of configuration Nios II for project audio_feed_7 ****
wsl make all 
Info: Building /mnt/c/repos/fpga_dsp/audio_sdram/software/audio_feed_7_bsp/
make --no-print-directory -C /mnt/c/repos/fpga_dsp/audio_sdram/software/audio_feed_7_bsp/
[BSP build complete]
[audio_feed_7 build complete]
20:12:49 **** Clean-only build of configuration Nios II for project audio_feed_7 ****
wsl make clean 
[audio_feed_7 clean complete]
20:12:51 **** Build of configuration Nios II for project audio_feed_7 ****
wsl make all 
Info: Building /mnt/c/repos/fpga_dsp/audio_sdram/software/audio_feed_7_bsp/
make --no-print-directory -C /mnt/c/repos/fpga_dsp/audio_sdram/software/audio_feed_7_bsp/
[BSP build complete]
Info: Compiling AUDIO.c to obj/default/AUDIO.o
nios2-elf-gcc.exe -xc -MP -MMD -c -Ic:/repos/fpga_dsp/audio_sdram/software/audio_feed_7_bsp//HAL/inc -Ic:/repos/fpga_dsp/audio_sdram/software/audio_feed_7_bsp/ -Ic:/repos/fpga_dsp/audio_sdram/software/audio_feed_7_bsp//drivers/inc  -pipe -D__hal__ -DALT_NO_INSTRUCTION_EMULATION -DALT_SINGLE_THREADED    -O0 -g -Wall   -mno-hw-div -mno-hw-mul -mno-hw-mulx -mgpopt=global  -o obj/default/AUDIO.o AUDIO.c
Info: Compiling I2C.c to obj/default/I2C.o
nios2-elf-gcc.exe -xc -MP -MMD -c -Ic:/repos/fpga_dsp/audio_sdram/software/audio_feed_7_bsp//HAL/inc -Ic:/repos/fpga_dsp/audio_sdram/software/audio_feed_7_bsp/ -Ic:/repos/fpga_dsp/audio_sdram/software/audio_feed_7_bsp//drivers/inc  -pipe -D__hal__ -DALT_NO_INSTRUCTION_EMULATION -DALT_SINGLE_THREADED    -O0 -g -Wall   -mno-hw-div -mno-hw-mul -mno-hw-mulx -mgpopt=global  -o obj/default/I2C.o I2C.c
Info: Compiling LED.c to obj/default/LED.o
nios2-elf-gcc.exe -xc -MP -MMD -c -Ic:/repos/fpga_dsp/audio_sdram/software/audio_feed_7_bsp//HAL/inc -Ic:/repos/fpga_dsp/audio_sdram/software/audio_feed_7_bsp/ -Ic:/repos/fpga_dsp/audio_sdram/software/audio_feed_7_bsp//drivers/inc  -pipe -D__hal__ -DALT_NO_INSTRUCTION_EMULATION -DALT_SINGLE_THREADED    -O0 -g -Wall   -mno-hw-div -mno-hw-mul -mno-hw-mulx -mgpopt=global  -o obj/default/LED.o LED.c
Info: Compiling SEG7.c to obj/default/SEG7.o
nios2-elf-gcc.exe -xc -MP -MMD -c -Ic:/repos/fpga_dsp/audio_sdram/software/audio_feed_7_bsp//HAL/inc -Ic:/repos/fpga_dsp/audio_sdram/software/audio_feed_7_bsp/ -Ic:/repos/fpga_dsp/audio_sdram/software/audio_feed_7_bsp//drivers/inc  -pipe -D__hal__ -DALT_NO_INSTRUCTION_EMULATION -DALT_SINGLE_THREADED    -O0 -g -Wall   -mno-hw-div -mno-hw-mul -mno-hw-mulx -mgpopt=global  -o obj/default/SEG7.o SEG7.c
Info: Compiling debug.c to obj/default/debug.o
nios2-elf-gcc.exe -xc -MP -MMD -c -Ic:/repos/fpga_dsp/audio_sdram/software/audio_feed_7_bsp//HAL/inc -Ic:/repos/fpga_dsp/audio_sdram/software/audio_feed_7_bsp/ -Ic:/repos/fpga_dsp/audio_sdram/software/audio_feed_7_bsp//drivers/inc  -pipe -D__hal__ -DALT_NO_INSTRUCTION_EMULATION -DALT_SINGLE_THREADED    -O0 -g -Wall   -mno-hw-div -mno-hw-mul -mno-hw-mulx -mgpopt=global  -o obj/default/debug.o debug.c
debug.c: In function 'myprintf_hex_array':
debug.c:72:17: warning: pointer targets in passing argument 1 of 'sprintf' differ in signedness [-Wpointer-sign]
   72 |         sprintf(szText, "[%02X]", *(pHex+i));
      |                 ^~~~~~
      |                 |
      |                 unsigned char *
In file included from debug.c:32:
c:\intelfpga_lite\20.1\nios2eds\bin\gnu\h-x86_64-mingw32\nios2-elf\include\stdio.h:244:14: note: expected 'char * restrict' but argument is of type 'unsigned char *'
  244 | int sprintf (char *__restrict, const char *__restrict, ...)
      |              ^
In file included from my_includes.h:53,
                 from debug.c:34:
debug.c:73:16: warning: pointer targets in passing argument 1 of 'myprintf' differ in signedness [-Wpointer-sign]
   73 |         DEBUG((szText));
      |                ^~~~~~
      |                |
      |                unsigned char *
debug.h:47:42: note: in definition of macro 'DEBUG'
   47 | #define DEBUG(x)               {myprintf x;}  // standard in/out, specifed in project (it could be uart, jtag, or lcd)
      |                                          ^
debug.c:53:20: note: expected 'char *' but argument is of type 'unsigned char *'
   53 | int myprintf(char *format, ...){
      |              ~~~~~~^~~~~~
Info: Compiling main.c to obj/default/main.o
nios2-elf-gcc.exe -xc -MP -MMD -c -Ic:/repos/fpga_dsp/audio_sdram/software/audio_feed_7_bsp//HAL/inc -Ic:/repos/fpga_dsp/audio_sdram/software/audio_feed_7_bsp/ -Ic:/repos/fpga_dsp/audio_sdram/software/audio_feed_7_bsp//drivers/inc  -pipe -D__hal__ -DALT_NO_INSTRUCTION_EMULATION -DALT_SINGLE_THREADED    -O0 -g -Wall   -mno-hw-div -mno-hw-mul -mno-hw-mulx -mgpopt=global  -o obj/default/main.o main.c
main.c: In function 'record_to_play':
main.c:451:8: warning: suggest parentheses around comparison in operand of '==' [-Wparentheses]
  451 |   if(w < WORDS == FALSE){
      |        ^
main.c:444:11: warning: unused variable 'R_out' [-Wunused-variable]
  444 |   int16_t R_out = (int16_t)(word_out & 0xFFFF);
      |           ^~~~~
main.c: In function 'main':
main.c:573:12: warning: unused variable 'w_x' [-Wunused-variable]
  573 |  const int w_x    = 8192;   // ≈0.25
      |            ^~~
main.c:572:12: warning: unused variable 'w_main' [-Wunused-variable]
  572 |  const int w_main = 26214;  // ≈0.8
      |            ^~~~~~
main.c:570:11: warning: unused variable 'offset' [-Wunused-variable]
  570 |  uint32_t offset = 0;
      |           ^~~~~~
main.c:568:19: warning: unused variable 'value_r' [-Wunused-variable]
  568 |  alt_u16 value_l, value_r;
      |                   ^~~~~~~
main.c:568:10: warning: unused variable 'value_l' [-Wunused-variable]
  568 |  alt_u16 value_l, value_r;
      |          ^~~~~~~
main.c:567:10: warning: unused variable 'data' [-Wunused-variable]
  567 |  alt_u32 data;
      |          ^~~~
main.c:566:20: warning: unused variable 'ch_left' [-Wunused-variable]
  566 |  alt_u16 ch_right, ch_left;
      |                    ^~~~~~~
main.c:566:10: warning: unused variable 'ch_right' [-Wunused-variable]
  566 |  alt_u16 ch_right, ch_left;
      |          ^~~~~~~~
At top level:
main.c:428:13: warning: 'record_to_play' defined but not used [-Wunused-function]
  428 | static void record_to_play(void){
      |             ^~~~~~~~~~~~~~
main.c:413:13: warning: 'play_from_sdram' defined but not used [-Wunused-function]
  413 | static void play_from_sdram(uint32_t words){
      |             ^~~~~~~~~~~~~~~
main.c:400:17: warning: 'record_to_sdram' defined but not used [-Wunused-function]
  400 | static uint32_t record_to_sdram(void){
      |                 ^~~~~~~~~~~~~~~
main.c:380:79: warning: 'tick_6' defined but not used [-Wunused-variable]
  380 | static uint32_t lw=0, rw=0, tick=0, tick_2=0, tick_3=0, tick_4 = 0, tick_5=0, tick_6=0;
      |                                                                               ^~~~~~
main.c:380:69: warning: 'tick_5' defined but not used [-Wunused-variable]
  380 | static uint32_t lw=0, rw=0, tick=0, tick_2=0, tick_3=0, tick_4 = 0, tick_5=0, tick_6=0;
      |                                                                     ^~~~~~
main.c:380:47: warning: 'tick_3' defined but not used [-Wunused-variable]
  380 | static uint32_t lw=0, rw=0, tick=0, tick_2=0, tick_3=0, tick_4 = 0, tick_5=0, tick_6=0;
      |                                               ^~~~~~
main.c:380:37: warning: 'tick_2' defined but not used [-Wunused-variable]
  380 | static uint32_t lw=0, rw=0, tick=0, tick_2=0, tick_3=0, tick_4 = 0, tick_5=0, tick_6=0;
      |                                     ^~~~~~
main.c:380:29: warning: 'tick' defined but not used [-Wunused-variable]
  380 | static uint32_t lw=0, rw=0, tick=0, tick_2=0, tick_3=0, tick_4 = 0, tick_5=0, tick_6=0;
      |                             ^~~~
main.c:380:23: warning: 'rw' defined but not used [-Wunused-variable]
  380 | static uint32_t lw=0, rw=0, tick=0, tick_2=0, tick_3=0, tick_4 = 0, tick_5=0, tick_6=0;
      |                       ^~
main.c:380:17: warning: 'lw' defined but not used [-Wunused-variable]
  380 | static uint32_t lw=0, rw=0, tick=0, tick_2=0, tick_3=0, tick_4 = 0, tick_5=0, tick_6=0;
      |                 ^~
Info: Compiling overdrive.c to obj/default/overdrive.o
nios2-elf-gcc.exe -xc -MP -MMD -c -Ic:/repos/fpga_dsp/audio_sdram/software/audio_feed_7_bsp//HAL/inc -Ic:/repos/fpga_dsp/audio_sdram/software/audio_feed_7_bsp/ -Ic:/repos/fpga_dsp/audio_sdram/software/audio_feed_7_bsp//drivers/inc  -pipe -D__hal__ -DALT_NO_INSTRUCTION_EMULATION -DALT_SINGLE_THREADED    -O0 -g -Wall   -mno-hw-div -mno-hw-mul -mno-hw-mulx -mgpopt=global  -o obj/default/overdrive.o overdrive.c
overdrive.c: In function 'od_set_mix_f':
overdrive.c:91:5: warning: this 'if' clause does not guard... [-Wmisleading-indentation]
   91 |     if (m < 0.0f) m = 0.0f; if (m > 1.0f) m = 1.0f;
      |     ^~
overdrive.c:91:29: note: ...this statement, but the latter is misleadingly indented as if it were guarded by the 'if'
   91 |     if (m < 0.0f) m = 0.0f; if (m > 1.0f) m = 1.0f;
      |                             ^~
Info: Linking audio_feed_7.elf
nios2-elf-g++.exe  -T'c:/repos/fpga_dsp/audio_sdram/software/audio_feed_7_bsp//linker.x' -msys-crt0='c:/repos/fpga_dsp/audio_sdram/software/audio_feed_7_bsp//obj/HAL/src/crt0.o' -msys-lib=hal_bsp -Lc:/repos/fpga_dsp/audio_sdram/software/audio_feed_7_bsp/   -Wl,-Map=audio_feed_7.map   -O0 -g -Wall   -mno-hw-div -mno-hw-mul -mno-hw-mulx -mgpopt=global  -o audio_feed_7.elf obj/default/AUDIO.o obj/default/I2C.o obj/default/LED.o obj/default/SEG7.o obj/default/debug.o obj/default/main.o obj/default/overdrive.o -lm -msys-lib=m
nios2-elf-insert.exe audio_feed_7.elf --thread_model hal --cpu_name nios2_gen2_0 --qsys true --simulation_enabled false --id 0 --sidp 0x5101048 --timestamp 1756386196 --stderr_dev jtag_uart --stdin_dev jtag_uart --stdout_dev jtag_uart --sopc_system_name audio_feed --quartus_project_dir "c:/repos/fpga_dsp/audio_sdram" --jdi ../..//output_files/audio_feed.jdi
Info: (audio_feed_7.elf) 112 KBytes program size (code + initialized data).
Info:                    65523 KBytes free for stack + heap.
Info: Creating audio_feed_7.objdump
nios2-elf-objdump.exe --disassemble --syms --all-header --source audio_feed_7.elf >audio_feed_7.objdump
[audio_feed_7 build complete]
20:13:05 **** Build of configuration Nios II for project audio_feed_7 ****
wsl make all 
Info: Building /mnt/c/repos/fpga_dsp/audio_sdram/software/audio_feed_7_bsp/
make --no-print-directory -C /mnt/c/repos/fpga_dsp/audio_sdram/software/audio_feed_7_bsp/
[BSP build complete]
[audio_feed_7 build complete]
20:13:07 **** Incremental Build of configuration Nios II for project audio_feed_7 ****
wsl make all 
Info: Building /mnt/c/repos/fpga_dsp/audio_sdram/software/audio_feed_7_bsp/
make --no-print-directory -C /mnt/c/repos/fpga_dsp/audio_sdram/software/audio_feed_7_bsp/
[BSP build complete]
[audio_feed_7 build complete]
20:14:00 **** Clean-only build of configuration Nios II for project audio_feed_7 ****
wsl make clean 
[audio_feed_7 clean complete]
20:14:01 **** Build of configuration Nios II for project audio_feed_7 ****
wsl make all 
Info: Building /mnt/c/repos/fpga_dsp/audio_sdram/software/audio_feed_7_bsp/
make --no-print-directory -C /mnt/c/repos/fpga_dsp/audio_sdram/software/audio_feed_7_bsp/
[BSP build complete]
Info: Compiling AUDIO.c to obj/default/AUDIO.o
nios2-elf-gcc.exe -xc -MP -MMD -c -Ic:/repos/fpga_dsp/audio_sdram/software/audio_feed_7_bsp//HAL/inc -Ic:/repos/fpga_dsp/audio_sdram/software/audio_feed_7_bsp/ -Ic:/repos/fpga_dsp/audio_sdram/software/audio_feed_7_bsp//drivers/inc  -pipe -D__hal__ -DALT_NO_INSTRUCTION_EMULATION -DALT_SINGLE_THREADED    -O0 -g -Wall   -mno-hw-div -mno-hw-mul -mno-hw-mulx -mgpopt=global  -o obj/default/AUDIO.o AUDIO.c
Info: Compiling I2C.c to obj/default/I2C.o
nios2-elf-gcc.exe -xc -MP -MMD -c -Ic:/repos/fpga_dsp/audio_sdram/software/audio_feed_7_bsp//HAL/inc -Ic:/repos/fpga_dsp/audio_sdram/software/audio_feed_7_bsp/ -Ic:/repos/fpga_dsp/audio_sdram/software/audio_feed_7_bsp//drivers/inc  -pipe -D__hal__ -DALT_NO_INSTRUCTION_EMULATION -DALT_SINGLE_THREADED    -O0 -g -Wall   -mno-hw-div -mno-hw-mul -mno-hw-mulx -mgpopt=global  -o obj/default/I2C.o I2C.c
Info: Compiling LED.c to obj/default/LED.o
nios2-elf-gcc.exe -xc -MP -MMD -c -Ic:/repos/fpga_dsp/audio_sdram/software/audio_feed_7_bsp//HAL/inc -Ic:/repos/fpga_dsp/audio_sdram/software/audio_feed_7_bsp/ -Ic:/repos/fpga_dsp/audio_sdram/software/audio_feed_7_bsp//drivers/inc  -pipe -D__hal__ -DALT_NO_INSTRUCTION_EMULATION -DALT_SINGLE_THREADED    -O0 -g -Wall   -mno-hw-div -mno-hw-mul -mno-hw-mulx -mgpopt=global  -o obj/default/LED.o LED.c
Info: Compiling SEG7.c to obj/default/SEG7.o
nios2-elf-gcc.exe -xc -MP -MMD -c -Ic:/repos/fpga_dsp/audio_sdram/software/audio_feed_7_bsp//HAL/inc -Ic:/repos/fpga_dsp/audio_sdram/software/audio_feed_7_bsp/ -Ic:/repos/fpga_dsp/audio_sdram/software/audio_feed_7_bsp//drivers/inc  -pipe -D__hal__ -DALT_NO_INSTRUCTION_EMULATION -DALT_SINGLE_THREADED    -O0 -g -Wall   -mno-hw-div -mno-hw-mul -mno-hw-mulx -mgpopt=global  -o obj/default/SEG7.o SEG7.c
Info: Compiling debug.c to obj/default/debug.o
nios2-elf-gcc.exe -xc -MP -MMD -c -Ic:/repos/fpga_dsp/audio_sdram/software/audio_feed_7_bsp//HAL/inc -Ic:/repos/fpga_dsp/audio_sdram/software/audio_feed_7_bsp/ -Ic:/repos/fpga_dsp/audio_sdram/software/audio_feed_7_bsp//drivers/inc  -pipe -D__hal__ -DALT_NO_INSTRUCTION_EMULATION -DALT_SINGLE_THREADED    -O0 -g -Wall   -mno-hw-div -mno-hw-mul -mno-hw-mulx -mgpopt=global  -o obj/default/debug.o debug.c
debug.c: In function 'myprintf_hex_array':
debug.c:72:17: warning: pointer targets in passing argument 1 of 'sprintf' differ in signedness [-Wpointer-sign]
   72 |         sprintf(szText, "[%02X]", *(pHex+i));
      |                 ^~~~~~
      |                 |
      |                 unsigned char *
In file included from debug.c:32:
c:\intelfpga_lite\20.1\nios2eds\bin\gnu\h-x86_64-mingw32\nios2-elf\include\stdio.h:244:14: note: expected 'char * restrict' but argument is of type 'unsigned char *'
  244 | int sprintf (char *__restrict, const char *__restrict, ...)
      |              ^
In file included from my_includes.h:53,
                 from debug.c:34:
debug.c:73:16: warning: pointer targets in passing argument 1 of 'myprintf' differ in signedness [-Wpointer-sign]
   73 |         DEBUG((szText));
      |                ^~~~~~
      |                |
      |                unsigned char *
debug.h:47:42: note: in definition of macro 'DEBUG'
   47 | #define DEBUG(x)               {myprintf x;}  // standard in/out, specifed in project (it could be uart, jtag, or lcd)
      |                                          ^
debug.c:53:20: note: expected 'char *' but argument is of type 'unsigned char *'
   53 | int myprintf(char *format, ...){
      |              ~~~~~~^~~~~~
Info: Compiling main.c to obj/default/main.o
nios2-elf-gcc.exe -xc -MP -MMD -c -Ic:/repos/fpga_dsp/audio_sdram/software/audio_feed_7_bsp//HAL/inc -Ic:/repos/fpga_dsp/audio_sdram/software/audio_feed_7_bsp/ -Ic:/repos/fpga_dsp/audio_sdram/software/audio_feed_7_bsp//drivers/inc  -pipe -D__hal__ -DALT_NO_INSTRUCTION_EMULATION -DALT_SINGLE_THREADED    -O0 -g -Wall   -mno-hw-div -mno-hw-mul -mno-hw-mulx -mgpopt=global  -o obj/default/main.o main.c
main.c: In function 'record_to_play':
main.c:451:8: warning: suggest parentheses around comparison in operand of '==' [-Wparentheses]
  451 |   if(w < WORDS == FALSE){
      |        ^
main.c:444:11: warning: unused variable 'R_out' [-Wunused-variable]
  444 |   int16_t R_out = (int16_t)(word_out & 0xFFFF);
      |           ^~~~~
main.c: In function 'write_and_read':
main.c:528:36: warning: passing argument 1 of 'printf' makes pointer from integer without a cast [-Wint-conversion]
  528 |   if ((tick_2 & 0x7FFF)==0) printf(L_final);
      |                                    ^~~~~~~
      |                                    |
      |                                    int16_t {aka short int}
In file included from my_includes.h:36,
                 from main.c:65:
c:\intelfpga_lite\20.1\nios2eds\bin\gnu\h-x86_64-mingw32\nios2-elf\include\stdio.h:200:13: note: expected 'const char * restrict' but argument is of type 'int16_t' {aka 'short int'}
  200 | int printf (const char *__restrict, ...)
      |             ^
main.c: In function 'main':
main.c:573:12: warning: unused variable 'w_x' [-Wunused-variable]
  573 |  const int w_x    = 8192;   // ≈0.25
      |            ^~~
main.c:572:12: warning: unused variable 'w_main' [-Wunused-variable]
  572 |  const int w_main = 26214;  // ≈0.8
      |            ^~~~~~
main.c:570:11: warning: unused variable 'offset' [-Wunused-variable]
  570 |  uint32_t offset = 0;
      |           ^~~~~~
main.c:568:19: warning: unused variable 'value_r' [-Wunused-variable]
  568 |  alt_u16 value_l, value_r;
      |                   ^~~~~~~
main.c:568:10: warning: unused variable 'value_l' [-Wunused-variable]
  568 |  alt_u16 value_l, value_r;
      |          ^~~~~~~
main.c:567:10: warning: unused variable 'data' [-Wunused-variable]
  567 |  alt_u32 data;
      |          ^~~~
main.c:566:20: warning: unused variable 'ch_left' [-Wunused-variable]
  566 |  alt_u16 ch_right, ch_left;
      |                    ^~~~~~~
main.c:566:10: warning: unused variable 'ch_right' [-Wunused-variable]
  566 |  alt_u16 ch_right, ch_left;
      |          ^~~~~~~~
At top level:
main.c:428:13: warning: 'record_to_play' defined but not used [-Wunused-function]
  428 | static void record_to_play(void){
      |             ^~~~~~~~~~~~~~
main.c:413:13: warning: 'play_from_sdram' defined but not used [-Wunused-function]
  413 | static void play_from_sdram(uint32_t words){
      |             ^~~~~~~~~~~~~~~
main.c:400:17: warning: 'record_to_sdram' defined but not used [-Wunused-function]
  400 | static uint32_t record_to_sdram(void){
      |                 ^~~~~~~~~~~~~~~
main.c:380:79: warning: 'tick_6' defined but not used [-Wunused-variable]
  380 | static uint32_t lw=0, rw=0, tick=0, tick_2=0, tick_3=0, tick_4 = 0, tick_5=0, tick_6=0;
      |                                                                               ^~~~~~
main.c:380:69: warning: 'tick_5' defined but not used [-Wunused-variable]
  380 | static uint32_t lw=0, rw=0, tick=0, tick_2=0, tick_3=0, tick_4 = 0, tick_5=0, tick_6=0;
      |                                                                     ^~~~~~
main.c:380:47: warning: 'tick_3' defined but not used [-Wunused-variable]
  380 | static uint32_t lw=0, rw=0, tick=0, tick_2=0, tick_3=0, tick_4 = 0, tick_5=0, tick_6=0;
      |                                               ^~~~~~
main.c:380:29: warning: 'tick' defined but not used [-Wunused-variable]
  380 | static uint32_t lw=0, rw=0, tick=0, tick_2=0, tick_3=0, tick_4 = 0, tick_5=0, tick_6=0;
      |                             ^~~~
main.c:380:23: warning: 'rw' defined but not used [-Wunused-variable]
  380 | static uint32_t lw=0, rw=0, tick=0, tick_2=0, tick_3=0, tick_4 = 0, tick_5=0, tick_6=0;
      |                       ^~
main.c:380:17: warning: 'lw' defined but not used [-Wunused-variable]
  380 | static uint32_t lw=0, rw=0, tick=0, tick_2=0, tick_3=0, tick_4 = 0, tick_5=0, tick_6=0;
      |                 ^~
Info: Compiling overdrive.c to obj/default/overdrive.o
nios2-elf-gcc.exe -xc -MP -MMD -c -Ic:/repos/fpga_dsp/audio_sdram/software/audio_feed_7_bsp//HAL/inc -Ic:/repos/fpga_dsp/audio_sdram/software/audio_feed_7_bsp/ -Ic:/repos/fpga_dsp/audio_sdram/software/audio_feed_7_bsp//drivers/inc  -pipe -D__hal__ -DALT_NO_INSTRUCTION_EMULATION -DALT_SINGLE_THREADED    -O0 -g -Wall   -mno-hw-div -mno-hw-mul -mno-hw-mulx -mgpopt=global  -o obj/default/overdrive.o overdrive.c
overdrive.c: In function 'od_set_mix_f':
overdrive.c:91:5: warning: this 'if' clause does not guard... [-Wmisleading-indentation]
   91 |     if (m < 0.0f) m = 0.0f; if (m > 1.0f) m = 1.0f;
      |     ^~
overdrive.c:91:29: note: ...this statement, but the latter is misleadingly indented as if it were guarded by the 'if'
   91 |     if (m < 0.0f) m = 0.0f; if (m > 1.0f) m = 1.0f;
      |                             ^~
Info: Linking audio_feed_7.elf
nios2-elf-g++.exe  -T'c:/repos/fpga_dsp/audio_sdram/software/audio_feed_7_bsp//linker.x' -msys-crt0='c:/repos/fpga_dsp/audio_sdram/software/audio_feed_7_bsp//obj/HAL/src/crt0.o' -msys-lib=hal_bsp -Lc:/repos/fpga_dsp/audio_sdram/software/audio_feed_7_bsp/   -Wl,-Map=audio_feed_7.map   -O0 -g -Wall   -mno-hw-div -mno-hw-mul -mno-hw-mulx -mgpopt=global  -o audio_feed_7.elf obj/default/AUDIO.o obj/default/I2C.o obj/default/LED.o obj/default/SEG7.o obj/default/debug.o obj/default/main.o obj/default/overdrive.o -lm -msys-lib=m
nios2-elf-insert.exe audio_feed_7.elf --thread_model hal --cpu_name nios2_gen2_0 --qsys true --simulation_enabled false --id 0 --sidp 0x5101048 --timestamp 1756386196 --stderr_dev jtag_uart --stdin_dev jtag_uart --stdout_dev jtag_uart --sopc_system_name audio_feed --quartus_project_dir "c:/repos/fpga_dsp/audio_sdram" --jdi ../..//output_files/audio_feed.jdi
Info: (audio_feed_7.elf) 112 KBytes program size (code + initialized data).
Info:                    65523 KBytes free for stack + heap.
Info: Creating audio_feed_7.objdump
nios2-elf-objdump.exe --disassemble --syms --all-header --source audio_feed_7.elf >audio_feed_7.objdump
[audio_feed_7 build complete]
20:14:26 **** Build of configuration Nios II for project audio_feed_7 ****
wsl make all 
Info: Building /mnt/c/repos/fpga_dsp/audio_sdram/software/audio_feed_7_bsp/
make --no-print-directory -C /mnt/c/repos/fpga_dsp/audio_sdram/software/audio_feed_7_bsp/
[BSP build complete]
[audio_feed_7 build complete]
20:14:28 **** Incremental Build of configuration Nios II for project audio_feed_7 ****
wsl make all 
Info: Building /mnt/c/repos/fpga_dsp/audio_sdram/software/audio_feed_7_bsp/
make --no-print-directory -C /mnt/c/repos/fpga_dsp/audio_sdram/software/audio_feed_7_bsp/
[BSP build complete]
[audio_feed_7 build complete]
20:17:47 **** Clean-only build of configuration Nios II for project audio_feed_7 ****
wsl make clean 
[audio_feed_7 clean complete]
20:17:48 **** Build of configuration Nios II for project audio_feed_7 ****
wsl make all 
Info: Building /mnt/c/repos/fpga_dsp/audio_sdram/software/audio_feed_7_bsp/
make --no-print-directory -C /mnt/c/repos/fpga_dsp/audio_sdram/software/audio_feed_7_bsp/
[BSP build complete]
Info: Compiling AUDIO.c to obj/default/AUDIO.o
nios2-elf-gcc.exe -xc -MP -MMD -c -Ic:/repos/fpga_dsp/audio_sdram/software/audio_feed_7_bsp//HAL/inc -Ic:/repos/fpga_dsp/audio_sdram/software/audio_feed_7_bsp/ -Ic:/repos/fpga_dsp/audio_sdram/software/audio_feed_7_bsp//drivers/inc  -pipe -D__hal__ -DALT_NO_INSTRUCTION_EMULATION -DALT_SINGLE_THREADED    -O0 -g -Wall   -mno-hw-div -mno-hw-mul -mno-hw-mulx -mgpopt=global  -o obj/default/AUDIO.o AUDIO.c
Info: Compiling I2C.c to obj/default/I2C.o
nios2-elf-gcc.exe -xc -MP -MMD -c -Ic:/repos/fpga_dsp/audio_sdram/software/audio_feed_7_bsp//HAL/inc -Ic:/repos/fpga_dsp/audio_sdram/software/audio_feed_7_bsp/ -Ic:/repos/fpga_dsp/audio_sdram/software/audio_feed_7_bsp//drivers/inc  -pipe -D__hal__ -DALT_NO_INSTRUCTION_EMULATION -DALT_SINGLE_THREADED    -O0 -g -Wall   -mno-hw-div -mno-hw-mul -mno-hw-mulx -mgpopt=global  -o obj/default/I2C.o I2C.c
Info: Compiling LED.c to obj/default/LED.o
nios2-elf-gcc.exe -xc -MP -MMD -c -Ic:/repos/fpga_dsp/audio_sdram/software/audio_feed_7_bsp//HAL/inc -Ic:/repos/fpga_dsp/audio_sdram/software/audio_feed_7_bsp/ -Ic:/repos/fpga_dsp/audio_sdram/software/audio_feed_7_bsp//drivers/inc  -pipe -D__hal__ -DALT_NO_INSTRUCTION_EMULATION -DALT_SINGLE_THREADED    -O0 -g -Wall   -mno-hw-div -mno-hw-mul -mno-hw-mulx -mgpopt=global  -o obj/default/LED.o LED.c
Info: Compiling SEG7.c to obj/default/SEG7.o
nios2-elf-gcc.exe -xc -MP -MMD -c -Ic:/repos/fpga_dsp/audio_sdram/software/audio_feed_7_bsp//HAL/inc -Ic:/repos/fpga_dsp/audio_sdram/software/audio_feed_7_bsp/ -Ic:/repos/fpga_dsp/audio_sdram/software/audio_feed_7_bsp//drivers/inc  -pipe -D__hal__ -DALT_NO_INSTRUCTION_EMULATION -DALT_SINGLE_THREADED    -O0 -g -Wall   -mno-hw-div -mno-hw-mul -mno-hw-mulx -mgpopt=global  -o obj/default/SEG7.o SEG7.c
Info: Compiling debug.c to obj/default/debug.o
nios2-elf-gcc.exe -xc -MP -MMD -c -Ic:/repos/fpga_dsp/audio_sdram/software/audio_feed_7_bsp//HAL/inc -Ic:/repos/fpga_dsp/audio_sdram/software/audio_feed_7_bsp/ -Ic:/repos/fpga_dsp/audio_sdram/software/audio_feed_7_bsp//drivers/inc  -pipe -D__hal__ -DALT_NO_INSTRUCTION_EMULATION -DALT_SINGLE_THREADED    -O0 -g -Wall   -mno-hw-div -mno-hw-mul -mno-hw-mulx -mgpopt=global  -o obj/default/debug.o debug.c
debug.c: In function 'myprintf_hex_array':
debug.c:72:17: warning: pointer targets in passing argument 1 of 'sprintf' differ in signedness [-Wpointer-sign]
   72 |         sprintf(szText, "[%02X]", *(pHex+i));
      |                 ^~~~~~
      |                 |
      |                 unsigned char *
In file included from debug.c:32:
c:\intelfpga_lite\20.1\nios2eds\bin\gnu\h-x86_64-mingw32\nios2-elf\include\stdio.h:244:14: note: expected 'char * restrict' but argument is of type 'unsigned char *'
  244 | int sprintf (char *__restrict, const char *__restrict, ...)
      |              ^
In file included from my_includes.h:53,
                 from debug.c:34:
debug.c:73:16: warning: pointer targets in passing argument 1 of 'myprintf' differ in signedness [-Wpointer-sign]
   73 |         DEBUG((szText));
      |                ^~~~~~
      |                |
      |                unsigned char *
debug.h:47:42: note: in definition of macro 'DEBUG'
   47 | #define DEBUG(x)               {myprintf x;}  // standard in/out, specifed in project (it could be uart, jtag, or lcd)
      |                                          ^
debug.c:53:20: note: expected 'char *' but argument is of type 'unsigned char *'
   53 | int myprintf(char *format, ...){
      |              ~~~~~~^~~~~~
Info: Compiling main.c to obj/default/main.o
nios2-elf-gcc.exe -xc -MP -MMD -c -Ic:/repos/fpga_dsp/audio_sdram/software/audio_feed_7_bsp//HAL/inc -Ic:/repos/fpga_dsp/audio_sdram/software/audio_feed_7_bsp/ -Ic:/repos/fpga_dsp/audio_sdram/software/audio_feed_7_bsp//drivers/inc  -pipe -D__hal__ -DALT_NO_INSTRUCTION_EMULATION -DALT_SINGLE_THREADED    -O0 -g -Wall   -mno-hw-div -mno-hw-mul -mno-hw-mulx -mgpopt=global  -o obj/default/main.o main.c
main.c: In function 'record_to_play':
main.c:452:8: warning: suggest parentheses around comparison in operand of '==' [-Wparentheses]
  452 |   if(w < WORDS == FALSE){
      |        ^
main.c:445:11: warning: unused variable 'R_out' [-Wunused-variable]
  445 |   int16_t R_out = (int16_t)(word_out & 0xFFFF);
      |           ^~~~~
main.c: In function 'main':
main.c:574:12: warning: unused variable 'w_x' [-Wunused-variable]
  574 |  const int w_x    = 8192;   // ≈0.25
      |            ^~~
main.c:573:12: warning: unused variable 'w_main' [-Wunused-variable]
  573 |  const int w_main = 26214;  // ≈0.8
      |            ^~~~~~
main.c:571:11: warning: unused variable 'offset' [-Wunused-variable]
  571 |  uint32_t offset = 0;
      |           ^~~~~~
main.c:569:19: warning: unused variable 'value_r' [-Wunused-variable]
  569 |  alt_u16 value_l, value_r;
      |                   ^~~~~~~
main.c:569:10: warning: unused variable 'value_l' [-Wunused-variable]
  569 |  alt_u16 value_l, value_r;
      |          ^~~~~~~
main.c:568:10: warning: unused variable 'data' [-Wunused-variable]
  568 |  alt_u32 data;
      |          ^~~~
main.c:567:20: warning: unused variable 'ch_left' [-Wunused-variable]
  567 |  alt_u16 ch_right, ch_left;
      |                    ^~~~~~~
main.c:567:10: warning: unused variable 'ch_right' [-Wunused-variable]
  567 |  alt_u16 ch_right, ch_left;
      |          ^~~~~~~~
At top level:
main.c:429:13: warning: 'record_to_play' defined but not used [-Wunused-function]
  429 | static void record_to_play(void){
      |             ^~~~~~~~~~~~~~
main.c:414:13: warning: 'play_from_sdram' defined but not used [-Wunused-function]
  414 | static void play_from_sdram(uint32_t words){
      |             ^~~~~~~~~~~~~~~
main.c:401:17: warning: 'record_to_sdram' defined but not used [-Wunused-function]
  401 | static uint32_t record_to_sdram(void){
      |                 ^~~~~~~~~~~~~~~
main.c:381:79: warning: 'tick_6' defined but not used [-Wunused-variable]
  381 | static uint32_t lw=0, rw=0, tick=0, tick_2=0, tick_3=0, tick_4 = 0, tick_5=0, tick_6=0;
      |                                                                               ^~~~~~
main.c:381:69: warning: 'tick_5' defined but not used [-Wunused-variable]
  381 | static uint32_t lw=0, rw=0, tick=0, tick_2=0, tick_3=0, tick_4 = 0, tick_5=0, tick_6=0;
      |                                                                     ^~~~~~
main.c:381:47: warning: 'tick_3' defined but not used [-Wunused-variable]
  381 | static uint32_t lw=0, rw=0, tick=0, tick_2=0, tick_3=0, tick_4 = 0, tick_5=0, tick_6=0;
      |                                               ^~~~~~
main.c:381:29: warning: 'tick' defined but not used [-Wunused-variable]
  381 | static uint32_t lw=0, rw=0, tick=0, tick_2=0, tick_3=0, tick_4 = 0, tick_5=0, tick_6=0;
      |                             ^~~~
main.c:381:23: warning: 'rw' defined but not used [-Wunused-variable]
  381 | static uint32_t lw=0, rw=0, tick=0, tick_2=0, tick_3=0, tick_4 = 0, tick_5=0, tick_6=0;
      |                       ^~
main.c:381:17: warning: 'lw' defined but not used [-Wunused-variable]
  381 | static uint32_t lw=0, rw=0, tick=0, tick_2=0, tick_3=0, tick_4 = 0, tick_5=0, tick_6=0;
      |                 ^~
Info: Compiling overdrive.c to obj/default/overdrive.o
nios2-elf-gcc.exe -xc -MP -MMD -c -Ic:/repos/fpga_dsp/audio_sdram/software/audio_feed_7_bsp//HAL/inc -Ic:/repos/fpga_dsp/audio_sdram/software/audio_feed_7_bsp/ -Ic:/repos/fpga_dsp/audio_sdram/software/audio_feed_7_bsp//drivers/inc  -pipe -D__hal__ -DALT_NO_INSTRUCTION_EMULATION -DALT_SINGLE_THREADED    -O0 -g -Wall   -mno-hw-div -mno-hw-mul -mno-hw-mulx -mgpopt=global  -o obj/default/overdrive.o overdrive.c
overdrive.c: In function 'od_set_mix_f':
overdrive.c:91:5: warning: this 'if' clause does not guard... [-Wmisleading-indentation]
   91 |     if (m < 0.0f) m = 0.0f; if (m > 1.0f) m = 1.0f;
      |     ^~
overdrive.c:91:29: note: ...this statement, but the latter is misleadingly indented as if it were guarded by the 'if'
   91 |     if (m < 0.0f) m = 0.0f; if (m > 1.0f) m = 1.0f;
      |                             ^~
Info: Linking audio_feed_7.elf
nios2-elf-g++.exe  -T'c:/repos/fpga_dsp/audio_sdram/software/audio_feed_7_bsp//linker.x' -msys-crt0='c:/repos/fpga_dsp/audio_sdram/software/audio_feed_7_bsp//obj/HAL/src/crt0.o' -msys-lib=hal_bsp -Lc:/repos/fpga_dsp/audio_sdram/software/audio_feed_7_bsp/   -Wl,-Map=audio_feed_7.map   -O0 -g -Wall   -mno-hw-div -mno-hw-mul -mno-hw-mulx -mgpopt=global  -o audio_feed_7.elf obj/default/AUDIO.o obj/default/I2C.o obj/default/LED.o obj/default/SEG7.o obj/default/debug.o obj/default/main.o obj/default/overdrive.o -lm -msys-lib=m
nios2-elf-insert.exe audio_feed_7.elf --thread_model hal --cpu_name nios2_gen2_0 --qsys true --simulation_enabled false --id 0 --sidp 0x5101048 --timestamp 1756386196 --stderr_dev jtag_uart --stdin_dev jtag_uart --stdout_dev jtag_uart --sopc_system_name audio_feed --quartus_project_dir "c:/repos/fpga_dsp/audio_sdram" --jdi ../..//output_files/audio_feed.jdi
Info: (audio_feed_7.elf) 112 KBytes program size (code + initialized data).
Info:                    65523 KBytes free for stack + heap.
Info: Creating audio_feed_7.objdump
nios2-elf-objdump.exe --disassemble --syms --all-header --source audio_feed_7.elf >audio_feed_7.objdump
[audio_feed_7 build complete]
20:18:13 **** Build of configuration Nios II for project audio_feed_7 ****
wsl make all 
Info: Building /mnt/c/repos/fpga_dsp/audio_sdram/software/audio_feed_7_bsp/
make --no-print-directory -C /mnt/c/repos/fpga_dsp/audio_sdram/software/audio_feed_7_bsp/
[BSP build complete]
[audio_feed_7 build complete]
20:18:15 **** Incremental Build of configuration Nios II for project audio_feed_7 ****
wsl make all 
Info: Building /mnt/c/repos/fpga_dsp/audio_sdram/software/audio_feed_7_bsp/
make --no-print-directory -C /mnt/c/repos/fpga_dsp/audio_sdram/software/audio_feed_7_bsp/
[BSP build complete]
[audio_feed_7 build complete]
22:07:49 **** Clean-only build of configuration Nios II for project audio_feed_7_bsp ****
wsl make clean 
[BSP clean complete]
22:07:49 **** Build of configuration Nios II for project audio_feed ****
wsl make all 
Info: Building /mnt/c/repos/fpga_dsp/audio_sdram/software/audio_feed_bsp/
make --no-print-directory -C /mnt/c/repos/fpga_dsp/audio_sdram/software/audio_feed_bsp/
Makefile not up to date.
/mnt/c/repos/fpga_pedal/audio_sdram/audio_feed.sopcinfo has been modified since the BSP was generated.

Generate the BSP to update the Makefile, and then build again.

To generate from Eclipse:
 1. Right-click the BSP project.
 2. In the Nios II Menu, click Generate BSP.

To generate from the command line:
 nios2-bsp-generate-files --settings=<settings file> --bsp-dir=<target bsp files directory>

Makefile:555: recipe for target 'public.mk' failed
make[1]: *** [public.mk] Error 1
Makefile:846: recipe for target '/mnt/c/repos/fpga_dsp/audio_sdram/software/audio_feed_bsp/-recurs-make-lib' failed
make: *** [/mnt/c/repos/fpga_dsp/audio_sdram/software/audio_feed_bsp/-recurs-make-lib] Error 2
22:07:50 **** Build of configuration Nios II for project audio_feed_3 ****
wsl make all 
Info: Building /mnt/c/repos/fpga_dsp/audio_sdram/software/audio_feed_3_bsp/
make --no-print-directory -C /mnt/c/repos/fpga_dsp/audio_sdram/software/audio_feed_3_bsp/
Makefile not up to date.
/mnt/c/repos/fpga_dsp/audio_sdram/audio_feed.sopcinfo has been modified since the BSP was generated.

Generate the BSP to update the Makefile, and then build again.

To generate from Eclipse:
 1. Right-click the BSP project.
 2. In the Nios II Menu, click Generate BSP.

To generate from the command line:
 nios2-bsp-generate-files --settings=<settings file> --bsp-dir=<target bsp files directory>

Makefile:555: recipe for target 'public.mk' failed
make[1]: *** [public.mk] Error 1
Makefile:846: recipe for target '/mnt/c/repos/fpga_dsp/audio_sdram/software/audio_feed_3_bsp/-recurs-make-lib' failed
make: *** [/mnt/c/repos/fpga_dsp/audio_sdram/software/audio_feed_3_bsp/-recurs-make-lib] Error 2
22:07:55 **** Build of configuration Nios II for project audio_feed_3_bsp ****
wsl make all 
Makefile not up to date.
/mnt/c/repos/fpga_dsp/audio_sdram/audio_feed.sopcinfo has been modified since the BSP was generated.

Generate the BSP to update the Makefile, and then build again.

To generate from Eclipse:
 1. Right-click the BSP project.
 2. In the Nios II Menu, click Generate BSP.

To generate from the command line:
 nios2-bsp-generate-files --settings=<settings file> --bsp-dir=<target bsp files directory>

Makefile:555: recipe for target 'public.mk' failed
make: *** [public.mk] Error 1
22:07:55 **** Build of configuration Nios II for project audio_feed_4 ****
wsl make all 
Info: Building /mnt/c/repos/fpga_dsp/audio_sdram/software/audio_feed_4_bsp/
make --no-print-directory -C /mnt/c/repos/fpga_dsp/audio_sdram/software/audio_feed_4_bsp/
Makefile not up to date.
/mnt/c/repos/fpga_dsp/audio_sdram/audio_feed.sopcinfo has been modified since the BSP was generated.

Generate the BSP to update the Makefile, and then build again.

To generate from Eclipse:
 1. Right-click the BSP project.
 2. In the Nios II Menu, click Generate BSP.

To generate from the command line:
 nios2-bsp-generate-files --settings=<settings file> --bsp-dir=<target bsp files directory>

make[1]: *** [public.mk] Error 1
Makefile:555: recipe for target 'public.mk' failed
make: *** [/mnt/c/repos/fpga_dsp/audio_sdram/software/audio_feed_4_bsp/-recurs-make-lib] Error 2
Makefile:846: recipe for target '/mnt/c/repos/fpga_dsp/audio_sdram/software/audio_feed_4_bsp/-recurs-make-lib' failed
22:07:56 **** Build of configuration Nios II for project audio_feed_4_bsp ****
wsl make all 
Makefile not up to date.
/mnt/c/repos/fpga_dsp/audio_sdram/audio_feed.sopcinfo has been modified since the BSP was generated.

Generate the BSP to update the Makefile, and then build again.

To generate from Eclipse:
 1. Right-click the BSP project.
 2. In the Nios II Menu, click Generate BSP.

To generate from the command line:
 nios2-bsp-generate-files --settings=<settings file> --bsp-dir=<target bsp files directory>

Makefile:555: recipe for target 'public.mk' failed
make: *** [public.mk] Error 1
22:07:56 **** Build of configuration Nios II for project audio_feed_5 ****
wsl make all 
Info: Building /mnt/c/repos/fpga_dsp/audio_sdram/software/audio_feed_5_bsp/
make --no-print-directory -C /mnt/c/repos/fpga_dsp/audio_sdram/software/audio_feed_5_bsp/
Makefile not up to date.
/mnt/c/repos/fpga_dsp/audio_sdram/audio_feed.sopcinfo has been modified since the BSP was generated.

Generate the BSP to update the Makefile, and then build again.

To generate from Eclipse:
 1. Right-click the BSP project.
 2. In the Nios II Menu, click Generate BSP.

To generate from the command line:
 nios2-bsp-generate-files --settings=<settings file> --bsp-dir=<target bsp files directory>

Makefile:555: recipe for target 'public.mk' failed
make[1]: *** [public.mk] Error 1
make: *** [/mnt/c/repos/fpga_dsp/audio_sdram/software/audio_feed_5_bsp/-recurs-make-lib] Error 2
Makefile:846: recipe for target '/mnt/c/repos/fpga_dsp/audio_sdram/software/audio_feed_5_bsp/-recurs-make-lib' failed
22:07:57 **** Build of configuration Nios II for project audio_feed_5_bsp ****
wsl make all 
Makefile not up to date.
/mnt/c/repos/fpga_dsp/audio_sdram/audio_feed.sopcinfo has been modified since the BSP was generated.

Generate the BSP to update the Makefile, and then build again.

To generate from Eclipse:
 1. Right-click the BSP project.
 2. In the Nios II Menu, click Generate BSP.

To generate from the command line:
 nios2-bsp-generate-files --settings=<settings file> --bsp-dir=<target bsp files directory>

Makefile:555: recipe for target 'public.mk' failed
make: *** [public.mk] Error 1
22:07:58 **** Build of configuration Nios II for project audio_feed_6 ****
wsl make all 
Info: Building /mnt/c/repos/fpga_dsp/audio_sdram/software/audio_feed_6_bsp/
make --no-print-directory -C /mnt/c/repos/fpga_dsp/audio_sdram/software/audio_feed_6_bsp/
Makefile not up to date.
/mnt/c/repos/fpga_dsp/audio_sdram/audio_feed.sopcinfo has been modified since the BSP was generated.

Generate the BSP to update the Makefile, and then build again.

To generate from Eclipse:
 1. Right-click the BSP project.
 2. In the Nios II Menu, click Generate BSP.

To generate from the command line:
 nios2-bsp-generate-files --settings=<settings file> --bsp-dir=<target bsp files directory>

make[1]: *** [public.mk] Error 1
Makefile:555: recipe for target 'public.mk' failed
make: *** [/mnt/c/repos/fpga_dsp/audio_sdram/software/audio_feed_6_bsp/-recurs-make-lib] Error 2
Makefile:846: recipe for target '/mnt/c/repos/fpga_dsp/audio_sdram/software/audio_feed_6_bsp/-recurs-make-lib' failed
22:07:59 **** Build of configuration Nios II for project audio_feed_6_bsp ****
wsl make all 
Makefile not up to date.
/mnt/c/repos/fpga_dsp/audio_sdram/audio_feed.sopcinfo has been modified since the BSP was generated.

Generate the BSP to update the Makefile, and then build again.

To generate from Eclipse:
 1. Right-click the BSP project.
 2. In the Nios II Menu, click Generate BSP.

To generate from the command line:
 nios2-bsp-generate-files --settings=<settings file> --bsp-dir=<target bsp files directory>

Makefile:555: recipe for target 'public.mk' failed
make: *** [public.mk] Error 1
22:07:59 **** Build of configuration Nios II for project audio_feed_7 ****
wsl make all 
Info: Building /mnt/c/repos/fpga_dsp/audio_sdram/software/audio_feed_7_bsp/
make --no-print-directory -C /mnt/c/repos/fpga_dsp/audio_sdram/software/audio_feed_7_bsp/
Compiling alt_alarm_start.c...
nios2-elf-gcc.exe -xc -MP -MMD -c  -I./HAL/inc -I. -I./drivers/inc -pipe -D__hal__ -DALT_NO_INSTRUCTION_EMULATION -DALT_SINGLE_THREADED    -O0 -g -Wall  -mno-hw-div -mno-hw-mul -mno-hw-mulx -mgpopt=global   -o obj/HAL/src/alt_alarm_start.o HAL/src/alt_alarm_start.c
Compiling alt_busy_sleep.c...
nios2-elf-gcc.exe -xc -MP -MMD -c  -I./HAL/inc -I. -I./drivers/inc -pipe -D__hal__ -DALT_NO_INSTRUCTION_EMULATION -DALT_SINGLE_THREADED    -O0 -g -Wall  -mno-hw-div -mno-hw-mul -mno-hw-mulx -mgpopt=global   -o obj/HAL/src/alt_busy_sleep.o HAL/src/alt_busy_sleep.c
Compiling alt_close.c...
nios2-elf-gcc.exe -xc -MP -MMD -c  -I./HAL/inc -I. -I./drivers/inc -pipe -D__hal__ -DALT_NO_INSTRUCTION_EMULATION -DALT_SINGLE_THREADED    -O0 -g -Wall  -mno-hw-div -mno-hw-mul -mno-hw-mulx -mgpopt=global   -o obj/HAL/src/alt_close.o HAL/src/alt_close.c
Compiling alt_dcache_flush.c...
nios2-elf-gcc.exe -xc -MP -MMD -c  -I./HAL/inc -I. -I./drivers/inc -pipe -D__hal__ -DALT_NO_INSTRUCTION_EMULATION -DALT_SINGLE_THREADED    -O0 -g -Wall  -mno-hw-div -mno-hw-mul -mno-hw-mulx -mgpopt=global   -o obj/HAL/src/alt_dcache_flush.o HAL/src/alt_dcache_flush.c
Compiling alt_dcache_flush_all.c...
nios2-elf-gcc.exe -xc -MP -MMD -c  -I./HAL/inc -I. -I./drivers/inc -pipe -D__hal__ -DALT_NO_INSTRUCTION_EMULATION -DALT_SINGLE_THREADED    -O0 -g -Wall  -mno-hw-div -mno-hw-mul -mno-hw-mulx -mgpopt=global   -o obj/HAL/src/alt_dcache_flush_all.o HAL/src/alt_dcache_flush_all.c
Compiling alt_dcache_flush_no_writeback.c...
nios2-elf-gcc.exe -xc -MP -MMD -c  -I./HAL/inc -I. -I./drivers/inc -pipe -D__hal__ -DALT_NO_INSTRUCTION_EMULATION -DALT_SINGLE_THREADED    -O0 -g -Wall  -mno-hw-div -mno-hw-mul -mno-hw-mulx -mgpopt=global   -o obj/HAL/src/alt_dcache_flush_no_writeback.o HAL/src/alt_dcache_flush_no_writeback.c
Compiling alt_dev.c...
nios2-elf-gcc.exe -xc -MP -MMD -c  -I./HAL/inc -I. -I./drivers/inc -pipe -D__hal__ -DALT_NO_INSTRUCTION_EMULATION -DALT_SINGLE_THREADED    -O0 -g -Wall  -mno-hw-div -mno-hw-mul -mno-hw-mulx -mgpopt=global   -o obj/HAL/src/alt_dev.o HAL/src/alt_dev.c
Compiling alt_dev_llist_insert.c...
nios2-elf-gcc.exe -xc -MP -MMD -c  -I./HAL/inc -I. -I./drivers/inc -pipe -D__hal__ -DALT_NO_INSTRUCTION_EMULATION -DALT_SINGLE_THREADED    -O0 -g -Wall  -mno-hw-div -mno-hw-mul -mno-hw-mulx -mgpopt=global   -o obj/HAL/src/alt_dev_llist_insert.o HAL/src/alt_dev_llist_insert.c
Compiling alt_dma_rxchan_open.c...
nios2-elf-gcc.exe -xc -MP -MMD -c  -I./HAL/inc -I. -I./drivers/inc -pipe -D__hal__ -DALT_NO_INSTRUCTION_EMULATION -DALT_SINGLE_THREADED    -O0 -g -Wall  -mno-hw-div -mno-hw-mul -mno-hw-mulx -mgpopt=global   -o obj/HAL/src/alt_dma_rxchan_open.o HAL/src/alt_dma_rxchan_open.c
Compiling alt_dma_txchan_open.c...
nios2-elf-gcc.exe -xc -MP -MMD -c  -I./HAL/inc -I. -I./drivers/inc -pipe -D__hal__ -DALT_NO_INSTRUCTION_EMULATION -DALT_SINGLE_THREADED    -O0 -g -Wall  -mno-hw-div -mno-hw-mul -mno-hw-mulx -mgpopt=global   -o obj/HAL/src/alt_dma_txchan_open.o HAL/src/alt_dma_txchan_open.c
Compiling alt_do_ctors.c...
nios2-elf-gcc.exe -xc -MP -MMD -c  -I./HAL/inc -I. -I./drivers/inc -pipe -D__hal__ -DALT_NO_INSTRUCTION_EMULATION -DALT_SINGLE_THREADED    -O0 -g -Wall  -mno-hw-div -mno-hw-mul -mno-hw-mulx -mgpopt=global   -o obj/HAL/src/alt_do_ctors.o HAL/src/alt_do_ctors.c
Compiling alt_do_dtors.c...
nios2-elf-gcc.exe -xc -MP -MMD -c  -I./HAL/inc -I. -I./drivers/inc -pipe -D__hal__ -DALT_NO_INSTRUCTION_EMULATION -DALT_SINGLE_THREADED    -O0 -g -Wall  -mno-hw-div -mno-hw-mul -mno-hw-mulx -mgpopt=global   -o obj/HAL/src/alt_do_dtors.o HAL/src/alt_do_dtors.c
Compiling alt_ecc_fatal_entry.S...
nios2-elf-gcc.exe -MP -MMD -c   -O0 -g -Wall  -mno-hw-div -mno-hw-mul -mno-hw-mulx -mgpopt=global    -I./HAL/inc -I. -I./drivers/inc -pipe -D__hal__ -DALT_NO_INSTRUCTION_EMULATION -DALT_SINGLE_THREADED  -Wa,-gdwarf2  -o obj/HAL/src/alt_ecc_fatal_entry.o HAL/src/alt_ecc_fatal_entry.S
Compiling alt_ecc_fatal_exception.c...
nios2-elf-gcc.exe -xc -MP -MMD -c  -I./HAL/inc -I. -I./drivers/inc -pipe -D__hal__ -DALT_NO_INSTRUCTION_EMULATION -DALT_SINGLE_THREADED    -O0 -g -Wall  -mno-hw-div -mno-hw-mul -mno-hw-mulx -mgpopt=global   -o obj/HAL/src/alt_ecc_fatal_exception.o HAL/src/alt_ecc_fatal_exception.c
Compiling alt_env_lock.c...
nios2-elf-gcc.exe -xc -MP -MMD -c  -I./HAL/inc -I. -I./drivers/inc -pipe -D__hal__ -DALT_NO_INSTRUCTION_EMULATION -DALT_SINGLE_THREADED    -O0 -g -Wall  -mno-hw-div -mno-hw-mul -mno-hw-mulx -mgpopt=global   -o obj/HAL/src/alt_env_lock.o HAL/src/alt_env_lock.c
Compiling alt_environ.c...
nios2-elf-gcc.exe -xc -MP -MMD -c  -I./HAL/inc -I. -I./drivers/inc -pipe -D__hal__ -DALT_NO_INSTRUCTION_EMULATION -DALT_SINGLE_THREADED    -O0 -g -Wall  -mno-hw-div -mno-hw-mul -mno-hw-mulx -mgpopt=global   -o obj/HAL/src/alt_environ.o HAL/src/alt_environ.c
Compiling alt_errno.c...
nios2-elf-gcc.exe -xc -MP -MMD -c  -I./HAL/inc -I. -I./drivers/inc -pipe -D__hal__ -DALT_NO_INSTRUCTION_EMULATION -DALT_SINGLE_THREADED    -O0 -g -Wall  -mno-hw-div -mno-hw-mul -mno-hw-mulx -mgpopt=global   -o obj/HAL/src/alt_errno.o HAL/src/alt_errno.c
Compiling alt_exception_entry.S...
nios2-elf-gcc.exe -MP -MMD -c   -O0 -g -Wall  -mno-hw-div -mno-hw-mul -mno-hw-mulx -mgpopt=global    -I./HAL/inc -I. -I./drivers/inc -pipe -D__hal__ -DALT_NO_INSTRUCTION_EMULATION -DALT_SINGLE_THREADED  -Wa,-gdwarf2  -o obj/HAL/src/alt_exception_entry.o HAL/src/alt_exception_entry.S
Compiling alt_exception_muldiv.S...
nios2-elf-gcc.exe -MP -MMD -c   -O0 -g -Wall  -mno-hw-div -mno-hw-mul -mno-hw-mulx -mgpopt=global    -I./HAL/inc -I. -I./drivers/inc -pipe -D__hal__ -DALT_NO_INSTRUCTION_EMULATION -DALT_SINGLE_THREADED  -Wa,-gdwarf2  -o obj/HAL/src/alt_exception_muldiv.o HAL/src/alt_exception_muldiv.S
Compiling alt_exception_trap.S...
nios2-elf-gcc.exe -MP -MMD -c   -O0 -g -Wall  -mno-hw-div -mno-hw-mul -mno-hw-mulx -mgpopt=global    -I./HAL/inc -I. -I./drivers/inc -pipe -D__hal__ -DALT_NO_INSTRUCTION_EMULATION -DALT_SINGLE_THREADED  -Wa,-gdwarf2  -o obj/HAL/src/alt_exception_trap.o HAL/src/alt_exception_trap.S
Compiling alt_execve.c...
nios2-elf-gcc.exe -xc -MP -MMD -c  -I./HAL/inc -I. -I./drivers/inc -pipe -D__hal__ -DALT_NO_INSTRUCTION_EMULATION -DALT_SINGLE_THREADED    -O0 -g -Wall  -mno-hw-div -mno-hw-mul -mno-hw-mulx -mgpopt=global   -o obj/HAL/src/alt_execve.o HAL/src/alt_execve.c
Compiling alt_exit.c...
nios2-elf-gcc.exe -xc -MP -MMD -c  -I./HAL/inc -I. -I./drivers/inc -pipe -D__hal__ -DALT_NO_INSTRUCTION_EMULATION -DALT_SINGLE_THREADED    -O0 -g -Wall  -mno-hw-div -mno-hw-mul -mno-hw-mulx -mgpopt=global   -o obj/HAL/src/alt_exit.o HAL/src/alt_exit.c
Compiling alt_fcntl.c...
nios2-elf-gcc.exe -xc -MP -MMD -c  -I./HAL/inc -I. -I./drivers/inc -pipe -D__hal__ -DALT_NO_INSTRUCTION_EMULATION -DALT_SINGLE_THREADED    -O0 -g -Wall  -mno-hw-div -mno-hw-mul -mno-hw-mulx -mgpopt=global   -o obj/HAL/src/alt_fcntl.o HAL/src/alt_fcntl.c
Compiling alt_fd_lock.c...
nios2-elf-gcc.exe -xc -MP -MMD -c  -I./HAL/inc -I. -I./drivers/inc -pipe -D__hal__ -DALT_NO_INSTRUCTION_EMULATION -DALT_SINGLE_THREADED    -O0 -g -Wall  -mno-hw-div -mno-hw-mul -mno-hw-mulx -mgpopt=global   -o obj/HAL/src/alt_fd_lock.o HAL/src/alt_fd_lock.c
Compiling alt_fd_unlock.c...
nios2-elf-gcc.exe -xc -MP -MMD -c  -I./HAL/inc -I. -I./drivers/inc -pipe -D__hal__ -DALT_NO_INSTRUCTION_EMULATION -DALT_SINGLE_THREADED    -O0 -g -Wall  -mno-hw-div -mno-hw-mul -mno-hw-mulx -mgpopt=global   -o obj/HAL/src/alt_fd_unlock.o HAL/src/alt_fd_unlock.c
Compiling alt_find_dev.c...
nios2-elf-gcc.exe -xc -MP -MMD -c  -I./HAL/inc -I. -I./drivers/inc -pipe -D__hal__ -DALT_NO_INSTRUCTION_EMULATION -DALT_SINGLE_THREADED    -O0 -g -Wall  -mno-hw-div -mno-hw-mul -mno-hw-mulx -mgpopt=global   -o obj/HAL/src/alt_find_dev.o HAL/src/alt_find_dev.c
Compiling alt_find_file.c...
nios2-elf-gcc.exe -xc -MP -MMD -c  -I./HAL/inc -I. -I./drivers/inc -pipe -D__hal__ -DALT_NO_INSTRUCTION_EMULATION -DALT_SINGLE_THREADED    -O0 -g -Wall  -mno-hw-div -mno-hw-mul -mno-hw-mulx -mgpopt=global   -o obj/HAL/src/alt_find_file.o HAL/src/alt_find_file.c
Compiling alt_flash_dev.c...
nios2-elf-gcc.exe -xc -MP -MMD -c  -I./HAL/inc -I. -I./drivers/inc -pipe -D__hal__ -DALT_NO_INSTRUCTION_EMULATION -DALT_SINGLE_THREADED    -O0 -g -Wall  -mno-hw-div -mno-hw-mul -mno-hw-mulx -mgpopt=global   -o obj/HAL/src/alt_flash_dev.o HAL/src/alt_flash_dev.c
Compiling alt_fork.c...
nios2-elf-gcc.exe -xc -MP -MMD -c  -I./HAL/inc -I. -I./drivers/inc -pipe -D__hal__ -DALT_NO_INSTRUCTION_EMULATION -DALT_SINGLE_THREADED    -O0 -g -Wall  -mno-hw-div -mno-hw-mul -mno-hw-mulx -mgpopt=global   -o obj/HAL/src/alt_fork.o HAL/src/alt_fork.c
Compiling alt_fs_reg.c...
nios2-elf-gcc.exe -xc -MP -MMD -c  -I./HAL/inc -I. -I./drivers/inc -pipe -D__hal__ -DALT_NO_INSTRUCTION_EMULATION -DALT_SINGLE_THREADED    -O0 -g -Wall  -mno-hw-div -mno-hw-mul -mno-hw-mulx -mgpopt=global   -o obj/HAL/src/alt_fs_reg.o HAL/src/alt_fs_reg.c
Compiling alt_fstat.c...
nios2-elf-gcc.exe -xc -MP -MMD -c  -I./HAL/inc -I. -I./drivers/inc -pipe -D__hal__ -DALT_NO_INSTRUCTION_EMULATION -DALT_SINGLE_THREADED    -O0 -g -Wall  -mno-hw-div -mno-hw-mul -mno-hw-mulx -mgpopt=global   -o obj/HAL/src/alt_fstat.o HAL/src/alt_fstat.c
Compiling alt_get_fd.c...
nios2-elf-gcc.exe -xc -MP -MMD -c  -I./HAL/inc -I. -I./drivers/inc -pipe -D__hal__ -DALT_NO_INSTRUCTION_EMULATION -DALT_SINGLE_THREADED    -O0 -g -Wall  -mno-hw-div -mno-hw-mul -mno-hw-mulx -mgpopt=global   -o obj/HAL/src/alt_get_fd.o HAL/src/alt_get_fd.c
Compiling alt_getchar.c...
nios2-elf-gcc.exe -xc -MP -MMD -c  -I./HAL/inc -I. -I./drivers/inc -pipe -D__hal__ -DALT_NO_INSTRUCTION_EMULATION -DALT_SINGLE_THREADED    -O0 -g -Wall  -mno-hw-div -mno-hw-mul -mno-hw-mulx -mgpopt=global   -o obj/HAL/src/alt_getchar.o HAL/src/alt_getchar.c
Compiling alt_getpid.c...
nios2-elf-gcc.exe -xc -MP -MMD -c  -I./HAL/inc -I. -I./drivers/inc -pipe -D__hal__ -DALT_NO_INSTRUCTION_EMULATION -DALT_SINGLE_THREADED    -O0 -g -Wall  -mno-hw-div -mno-hw-mul -mno-hw-mulx -mgpopt=global   -o obj/HAL/src/alt_getpid.o HAL/src/alt_getpid.c
Compiling alt_gettod.c...
nios2-elf-gcc.exe -xc -MP -MMD -c  -I./HAL/inc -I. -I./drivers/inc -pipe -D__hal__ -DALT_NO_INSTRUCTION_EMULATION -DALT_SINGLE_THREADED    -O0 -g -Wall  -mno-hw-div -mno-hw-mul -mno-hw-mulx -mgpopt=global   -o obj/HAL/src/alt_gettod.o HAL/src/alt_gettod.c
Compiling alt_gmon.c...
nios2-elf-gcc.exe -xc -MP -MMD -c  -I./HAL/inc -I. -I./drivers/inc -pipe -D__hal__ -DALT_NO_INSTRUCTION_EMULATION -DALT_SINGLE_THREADED    -O0 -g -Wall  -mno-hw-div -mno-hw-mul -mno-hw-mulx -mgpopt=global   -o obj/HAL/src/alt_gmon.o HAL/src/alt_gmon.c
Compiling alt_icache_flush.c...
nios2-elf-gcc.exe -xc -MP -MMD -c  -I./HAL/inc -I. -I./drivers/inc -pipe -D__hal__ -DALT_NO_INSTRUCTION_EMULATION -DALT_SINGLE_THREADED    -O0 -g -Wall  -mno-hw-div -mno-hw-mul -mno-hw-mulx -mgpopt=global   -o obj/HAL/src/alt_icache_flush.o HAL/src/alt_icache_flush.c
Compiling alt_icache_flush_all.c...
nios2-elf-gcc.exe -xc -MP -MMD -c  -I./HAL/inc -I. -I./drivers/inc -pipe -D__hal__ -DALT_NO_INSTRUCTION_EMULATION -DALT_SINGLE_THREADED    -O0 -g -Wall  -mno-hw-div -mno-hw-mul -mno-hw-mulx -mgpopt=global   -o obj/HAL/src/alt_icache_flush_all.o HAL/src/alt_icache_flush_all.c
Compiling alt_iic.c...
nios2-elf-gcc.exe -xc -MP -MMD -c  -I./HAL/inc -I. -I./drivers/inc -pipe -D__hal__ -DALT_NO_INSTRUCTION_EMULATION -DALT_SINGLE_THREADED    -O0 -g -Wall  -mno-hw-div -mno-hw-mul -mno-hw-mulx -mgpopt=global   -o obj/HAL/src/alt_iic.o HAL/src/alt_iic.c
Compiling alt_iic_isr_register.c...
nios2-elf-gcc.exe -xc -MP -MMD -c  -I./HAL/inc -I. -I./drivers/inc -pipe -D__hal__ -DALT_NO_INSTRUCTION_EMULATION -DALT_SINGLE_THREADED    -O0 -g -Wall  -mno-hw-div -mno-hw-mul -mno-hw-mulx -mgpopt=global   -o obj/HAL/src/alt_iic_isr_register.o HAL/src/alt_iic_isr_register.c
Compiling alt_instruction_exception_entry.c...
nios2-elf-gcc.exe -xc -MP -MMD -c  -I./HAL/inc -I. -I./drivers/inc -pipe -D__hal__ -DALT_NO_INSTRUCTION_EMULATION -DALT_SINGLE_THREADED    -O0 -g -Wall  -mno-hw-div -mno-hw-mul -mno-hw-mulx -mgpopt=global   -o obj/HAL/src/alt_instruction_exception_entry.o HAL/src/alt_instruction_exception_entry.c
Compiling alt_instruction_exception_register.c...
nios2-elf-gcc.exe -xc -MP -MMD -c  -I./HAL/inc -I. -I./drivers/inc -pipe -D__hal__ -DALT_NO_INSTRUCTION_EMULATION -DALT_SINGLE_THREADED    -O0 -g -Wall  -mno-hw-div -mno-hw-mul -mno-hw-mulx -mgpopt=global   -o obj/HAL/src/alt_instruction_exception_register.o HAL/src/alt_instruction_exception_register.c
Compiling alt_io_redirect.c...
nios2-elf-gcc.exe -xc -MP -MMD -c  -I./HAL/inc -I. -I./drivers/inc -pipe -D__hal__ -DALT_NO_INSTRUCTION_EMULATION -DALT_SINGLE_THREADED    -O0 -g -Wall  -mno-hw-div -mno-hw-mul -mno-hw-mulx -mgpopt=global   -o obj/HAL/src/alt_io_redirect.o HAL/src/alt_io_redirect.c
Compiling alt_ioctl.c...
nios2-elf-gcc.exe -xc -MP -MMD -c  -I./HAL/inc -I. -I./drivers/inc -pipe -D__hal__ -DALT_NO_INSTRUCTION_EMULATION -DALT_SINGLE_THREADED    -O0 -g -Wall  -mno-hw-div -mno-hw-mul -mno-hw-mulx -mgpopt=global   -o obj/HAL/src/alt_ioctl.o HAL/src/alt_ioctl.c
Compiling alt_irq_entry.S...
nios2-elf-gcc.exe -MP -MMD -c   -O0 -g -Wall  -mno-hw-div -mno-hw-mul -mno-hw-mulx -mgpopt=global    -I./HAL/inc -I. -I./drivers/inc -pipe -D__hal__ -DALT_NO_INSTRUCTION_EMULATION -DALT_SINGLE_THREADED  -Wa,-gdwarf2  -o obj/HAL/src/alt_irq_entry.o HAL/src/alt_irq_entry.S
Compiling alt_irq_handler.c...
nios2-elf-gcc.exe -xc -MP -MMD -c  -I./HAL/inc -I. -I./drivers/inc -pipe -D__hal__ -DALT_NO_INSTRUCTION_EMULATION -DALT_SINGLE_THREADED    -O0 -g -Wall  -mno-hw-div -mno-hw-mul -mno-hw-mulx -mgpopt=global   -o obj/HAL/src/alt_irq_handler.o HAL/src/alt_irq_handler.c
Compiling alt_irq_register.c...
nios2-elf-gcc.exe -xc -MP -MMD -c  -I./HAL/inc -I. -I./drivers/inc -pipe -D__hal__ -DALT_NO_INSTRUCTION_EMULATION -DALT_SINGLE_THREADED    -O0 -g -Wall  -mno-hw-div -mno-hw-mul -mno-hw-mulx -mgpopt=global   -o obj/HAL/src/alt_irq_register.o HAL/src/alt_irq_register.c
Compiling alt_irq_vars.c...
nios2-elf-gcc.exe -xc -MP -MMD -c  -I./HAL/inc -I. -I./drivers/inc -pipe -D__hal__ -DALT_NO_INSTRUCTION_EMULATION -DALT_SINGLE_THREADED    -O0 -g -Wall  -mno-hw-div -mno-hw-mul -mno-hw-mulx -mgpopt=global   -o obj/HAL/src/alt_irq_vars.o HAL/src/alt_irq_vars.c
Compiling alt_isatty.c...
nios2-elf-gcc.exe -xc -MP -MMD -c  -I./HAL/inc -I. -I./drivers/inc -pipe -D__hal__ -DALT_NO_INSTRUCTION_EMULATION -DALT_SINGLE_THREADED    -O0 -g -Wall  -mno-hw-div -mno-hw-mul -mno-hw-mulx -mgpopt=global   -o obj/HAL/src/alt_isatty.o HAL/src/alt_isatty.c
Compiling alt_kill.c...
nios2-elf-gcc.exe -xc -MP -MMD -c  -I./HAL/inc -I. -I./drivers/inc -pipe -D__hal__ -DALT_NO_INSTRUCTION_EMULATION -DALT_SINGLE_THREADED    -O0 -g -Wall  -mno-hw-div -mno-hw-mul -mno-hw-mulx -mgpopt=global   -o obj/HAL/src/alt_kill.o HAL/src/alt_kill.c
Compiling alt_link.c...
nios2-elf-gcc.exe -xc -MP -MMD -c  -I./HAL/inc -I. -I./drivers/inc -pipe -D__hal__ -DALT_NO_INSTRUCTION_EMULATION -DALT_SINGLE_THREADED    -O0 -g -Wall  -mno-hw-div -mno-hw-mul -mno-hw-mulx -mgpopt=global   -o obj/HAL/src/alt_link.o HAL/src/alt_link.c
Compiling alt_load.c...
nios2-elf-gcc.exe -xc -MP -MMD -c  -I./HAL/inc -I. -I./drivers/inc -pipe -D__hal__ -DALT_NO_INSTRUCTION_EMULATION -DALT_SINGLE_THREADED    -O0 -g -Wall  -mno-hw-div -mno-hw-mul -mno-hw-mulx -mgpopt=global   -o obj/HAL/src/alt_load.o HAL/src/alt_load.c
Compiling alt_log_macro.S...
nios2-elf-gcc.exe -MP -MMD -c   -O0 -g -Wall  -mno-hw-div -mno-hw-mul -mno-hw-mulx -mgpopt=global    -I./HAL/inc -I. -I./drivers/inc -pipe -D__hal__ -DALT_NO_INSTRUCTION_EMULATION -DALT_SINGLE_THREADED  -Wa,-gdwarf2  -o obj/HAL/src/alt_log_macro.o HAL/src/alt_log_macro.S
Compiling alt_log_printf.c...
nios2-elf-gcc.exe -xc -MP -MMD -c  -I./HAL/inc -I. -I./drivers/inc -pipe -D__hal__ -DALT_NO_INSTRUCTION_EMULATION -DALT_SINGLE_THREADED    -O0 -g -Wall  -mno-hw-div -mno-hw-mul -mno-hw-mulx -mgpopt=global   -o obj/HAL/src/alt_log_printf.o HAL/src/alt_log_printf.c
Compiling alt_lseek.c...
nios2-elf-gcc.exe -xc -MP -MMD -c  -I./HAL/inc -I. -I./drivers/inc -pipe -D__hal__ -DALT_NO_INSTRUCTION_EMULATION -DALT_SINGLE_THREADED    -O0 -g -Wall  -mno-hw-div -mno-hw-mul -mno-hw-mulx -mgpopt=global   -o obj/HAL/src/alt_lseek.o HAL/src/alt_lseek.c
Compiling alt_main.c...
nios2-elf-gcc.exe -xc -MP -MMD -c  -I./HAL/inc -I. -I./drivers/inc -pipe -D__hal__ -DALT_NO_INSTRUCTION_EMULATION -DALT_SINGLE_THREADED    -O0 -g -Wall  -mno-hw-div -mno-hw-mul -mno-hw-mulx -mgpopt=global   -o obj/HAL/src/alt_main.o HAL/src/alt_main.c
Compiling alt_malloc_lock.c...
nios2-elf-gcc.exe -xc -MP -MMD -c  -I./HAL/inc -I. -I./drivers/inc -pipe -D__hal__ -DALT_NO_INSTRUCTION_EMULATION -DALT_SINGLE_THREADED    -O0 -g -Wall  -mno-hw-div -mno-hw-mul -mno-hw-mulx -mgpopt=global   -o obj/HAL/src/alt_malloc_lock.o HAL/src/alt_malloc_lock.c
Compiling alt_mcount.S...
nios2-elf-gcc.exe -MP -MMD -c   -O0 -g -Wall  -mno-hw-div -mno-hw-mul -mno-hw-mulx -mgpopt=global    -I./HAL/inc -I. -I./drivers/inc -pipe -D__hal__ -DALT_NO_INSTRUCTION_EMULATION -DALT_SINGLE_THREADED  -Wa,-gdwarf2  -o obj/HAL/src/alt_mcount.o HAL/src/alt_mcount.S
Compiling alt_open.c...
nios2-elf-gcc.exe -xc -MP -MMD -c  -I./HAL/inc -I. -I./drivers/inc -pipe -D__hal__ -DALT_NO_INSTRUCTION_EMULATION -DALT_SINGLE_THREADED    -O0 -g -Wall  -mno-hw-div -mno-hw-mul -mno-hw-mulx -mgpopt=global   -o obj/HAL/src/alt_open.o HAL/src/alt_open.c
Compiling alt_printf.c...
nios2-elf-gcc.exe -xc -MP -MMD -c  -I./HAL/inc -I. -I./drivers/inc -pipe -D__hal__ -DALT_NO_INSTRUCTION_EMULATION -DALT_SINGLE_THREADED    -O0 -g -Wall  -mno-hw-div -mno-hw-mul -mno-hw-mulx -mgpopt=global   -o obj/HAL/src/alt_printf.o HAL/src/alt_printf.c
Compiling alt_putchar.c...
nios2-elf-gcc.exe -xc -MP -MMD -c  -I./HAL/inc -I. -I./drivers/inc -pipe -D__hal__ -DALT_NO_INSTRUCTION_EMULATION -DALT_SINGLE_THREADED    -O0 -g -Wall  -mno-hw-div -mno-hw-mul -mno-hw-mulx -mgpopt=global   -o obj/HAL/src/alt_putchar.o HAL/src/alt_putchar.c
Compiling alt_putcharbuf.c...
nios2-elf-gcc.exe -xc -MP -MMD -c  -I./HAL/inc -I. -I./drivers/inc -pipe -D__hal__ -DALT_NO_INSTRUCTION_EMULATION -DALT_SINGLE_THREADED    -O0 -g -Wall  -mno-hw-div -mno-hw-mul -mno-hw-mulx -mgpopt=global   -o obj/HAL/src/alt_putcharbuf.o HAL/src/alt_putcharbuf.c
Compiling alt_putstr.c...
nios2-elf-gcc.exe -xc -MP -MMD -c  -I./HAL/inc -I. -I./drivers/inc -pipe -D__hal__ -DALT_NO_INSTRUCTION_EMULATION -DALT_SINGLE_THREADED    -O0 -g -Wall  -mno-hw-div -mno-hw-mul -mno-hw-mulx -mgpopt=global   -o obj/HAL/src/alt_putstr.o HAL/src/alt_putstr.c
Compiling alt_read.c...
nios2-elf-gcc.exe -xc -MP -MMD -c  -I./HAL/inc -I. -I./drivers/inc -pipe -D__hal__ -DALT_NO_INSTRUCTION_EMULATION -DALT_SINGLE_THREADED    -O0 -g -Wall  -mno-hw-div -mno-hw-mul -mno-hw-mulx -mgpopt=global   -o obj/HAL/src/alt_read.o HAL/src/alt_read.c
Compiling alt_release_fd.c...
nios2-elf-gcc.exe -xc -MP -MMD -c  -I./HAL/inc -I. -I./drivers/inc -pipe -D__hal__ -DALT_NO_INSTRUCTION_EMULATION -DALT_SINGLE_THREADED    -O0 -g -Wall  -mno-hw-div -mno-hw-mul -mno-hw-mulx -mgpopt=global   -o obj/HAL/src/alt_release_fd.o HAL/src/alt_release_fd.c
Compiling alt_remap_cached.c...
nios2-elf-gcc.exe -xc -MP -MMD -c  -I./HAL/inc -I. -I./drivers/inc -pipe -D__hal__ -DALT_NO_INSTRUCTION_EMULATION -DALT_SINGLE_THREADED    -O0 -g -Wall  -mno-hw-div -mno-hw-mul -mno-hw-mulx -mgpopt=global   -o obj/HAL/src/alt_remap_cached.o HAL/src/alt_remap_cached.c
Compiling alt_remap_uncached.c...
nios2-elf-gcc.exe -xc -MP -MMD -c  -I./HAL/inc -I. -I./drivers/inc -pipe -D__hal__ -DALT_NO_INSTRUCTION_EMULATION -DALT_SINGLE_THREADED    -O0 -g -Wall  -mno-hw-div -mno-hw-mul -mno-hw-mulx -mgpopt=global   -o obj/HAL/src/alt_remap_uncached.o HAL/src/alt_remap_uncached.c
Compiling alt_rename.c...
nios2-elf-gcc.exe -xc -MP -MMD -c  -I./HAL/inc -I. -I./drivers/inc -pipe -D__hal__ -DALT_NO_INSTRUCTION_EMULATION -DALT_SINGLE_THREADED    -O0 -g -Wall  -mno-hw-div -mno-hw-mul -mno-hw-mulx -mgpopt=global   -o obj/HAL/src/alt_rename.o HAL/src/alt_rename.c
Compiling alt_sbrk.c...
nios2-elf-gcc.exe -xc -MP -MMD -c  -I./HAL/inc -I. -I./drivers/inc -pipe -D__hal__ -DALT_NO_INSTRUCTION_EMULATION -DALT_SINGLE_THREADED    -O0 -g -Wall  -mno-hw-div -mno-hw-mul -mno-hw-mulx -mgpopt=global   -o obj/HAL/src/alt_sbrk.o HAL/src/alt_sbrk.c
Compiling alt_settod.c...
nios2-elf-gcc.exe -xc -MP -MMD -c  -I./HAL/inc -I. -I./drivers/inc -pipe -D__hal__ -DALT_NO_INSTRUCTION_EMULATION -DALT_SINGLE_THREADED    -O0 -g -Wall  -mno-hw-div -mno-hw-mul -mno-hw-mulx -mgpopt=global   -o obj/HAL/src/alt_settod.o HAL/src/alt_settod.c
Compiling alt_software_exception.S...
nios2-elf-gcc.exe -MP -MMD -c   -O0 -g -Wall  -mno-hw-div -mno-hw-mul -mno-hw-mulx -mgpopt=global    -I./HAL/inc -I. -I./drivers/inc -pipe -D__hal__ -DALT_NO_INSTRUCTION_EMULATION -DALT_SINGLE_THREADED  -Wa,-gdwarf2  -o obj/HAL/src/alt_software_exception.o HAL/src/alt_software_exception.S
Compiling alt_stat.c...
nios2-elf-gcc.exe -xc -MP -MMD -c  -I./HAL/inc -I. -I./drivers/inc -pipe -D__hal__ -DALT_NO_INSTRUCTION_EMULATION -DALT_SINGLE_THREADED    -O0 -g -Wall  -mno-hw-div -mno-hw-mul -mno-hw-mulx -mgpopt=global   -o obj/HAL/src/alt_stat.o HAL/src/alt_stat.c
Compiling alt_tick.c...
nios2-elf-gcc.exe -xc -MP -MMD -c  -I./HAL/inc -I. -I./drivers/inc -pipe -D__hal__ -DALT_NO_INSTRUCTION_EMULATION -DALT_SINGLE_THREADED    -O0 -g -Wall  -mno-hw-div -mno-hw-mul -mno-hw-mulx -mgpopt=global   -o obj/HAL/src/alt_tick.o HAL/src/alt_tick.c
Compiling alt_times.c...
nios2-elf-gcc.exe -xc -MP -MMD -c  -I./HAL/inc -I. -I./drivers/inc -pipe -D__hal__ -DALT_NO_INSTRUCTION_EMULATION -DALT_SINGLE_THREADED    -O0 -g -Wall  -mno-hw-div -mno-hw-mul -mno-hw-mulx -mgpopt=global   -o obj/HAL/src/alt_times.o HAL/src/alt_times.c
Compiling alt_uncached_free.c...
nios2-elf-gcc.exe -xc -MP -MMD -c  -I./HAL/inc -I. -I./drivers/inc -pipe -D__hal__ -DALT_NO_INSTRUCTION_EMULATION -DALT_SINGLE_THREADED    -O0 -g -Wall  -mno-hw-div -mno-hw-mul -mno-hw-mulx -mgpopt=global   -o obj/HAL/src/alt_uncached_free.o HAL/src/alt_uncached_free.c
Compiling alt_uncached_malloc.c...
nios2-elf-gcc.exe -xc -MP -MMD -c  -I./HAL/inc -I. -I./drivers/inc -pipe -D__hal__ -DALT_NO_INSTRUCTION_EMULATION -DALT_SINGLE_THREADED    -O0 -g -Wall  -mno-hw-div -mno-hw-mul -mno-hw-mulx -mgpopt=global   -o obj/HAL/src/alt_uncached_malloc.o HAL/src/alt_uncached_malloc.c
Compiling alt_unlink.c...
nios2-elf-gcc.exe -xc -MP -MMD -c  -I./HAL/inc -I. -I./drivers/inc -pipe -D__hal__ -DALT_NO_INSTRUCTION_EMULATION -DALT_SINGLE_THREADED    -O0 -g -Wall  -mno-hw-div -mno-hw-mul -mno-hw-mulx -mgpopt=global   -o obj/HAL/src/alt_unlink.o HAL/src/alt_unlink.c
Compiling alt_usleep.c...
nios2-elf-gcc.exe -xc -MP -MMD -c  -I./HAL/inc -I. -I./drivers/inc -pipe -D__hal__ -DALT_NO_INSTRUCTION_EMULATION -DALT_SINGLE_THREADED    -O0 -g -Wall  -mno-hw-div -mno-hw-mul -mno-hw-mulx -mgpopt=global   -o obj/HAL/src/alt_usleep.o HAL/src/alt_usleep.c
Compiling alt_wait.c...
nios2-elf-gcc.exe -xc -MP -MMD -c  -I./HAL/inc -I. -I./drivers/inc -pipe -D__hal__ -DALT_NO_INSTRUCTION_EMULATION -DALT_SINGLE_THREADED    -O0 -g -Wall  -mno-hw-div -mno-hw-mul -mno-hw-mulx -mgpopt=global   -o obj/HAL/src/alt_wait.o HAL/src/alt_wait.c
Compiling alt_write.c...
nios2-elf-gcc.exe -xc -MP -MMD -c  -I./HAL/inc -I. -I./drivers/inc -pipe -D__hal__ -DALT_NO_INSTRUCTION_EMULATION -DALT_SINGLE_THREADED    -O0 -g -Wall  -mno-hw-div -mno-hw-mul -mno-hw-mulx -mgpopt=global   -o obj/HAL/src/alt_write.o HAL/src/alt_write.c
Compiling altera_nios2_gen2_irq.c...
nios2-elf-gcc.exe -xc -MP -MMD -c  -I./HAL/inc -I. -I./drivers/inc -pipe -D__hal__ -DALT_NO_INSTRUCTION_EMULATION -DALT_SINGLE_THREADED    -O0 -g -Wall  -mno-hw-div -mno-hw-mul -mno-hw-mulx -mgpopt=global   -o obj/HAL/src/altera_nios2_gen2_irq.o HAL/src/altera_nios2_gen2_irq.c
Compiling crt0.S...
nios2-elf-gcc.exe -MP -MMD -c   -O0 -g -Wall  -mno-hw-div -mno-hw-mul -mno-hw-mulx -mgpopt=global    -I./HAL/inc -I. -I./drivers/inc -pipe -D__hal__ -DALT_NO_INSTRUCTION_EMULATION -DALT_SINGLE_THREADED  -Wa,-gdwarf2  -o obj/HAL/src/crt0.o HAL/src/crt0.S
Compiling alt_sys_init.c...
nios2-elf-gcc.exe -xc -MP -MMD -c  -I./HAL/inc -I. -I./drivers/inc -pipe -D__hal__ -DALT_NO_INSTRUCTION_EMULATION -DALT_SINGLE_THREADED    -O0 -g -Wall  -mno-hw-div -mno-hw-mul -mno-hw-mulx -mgpopt=global   -o obj/alt_sys_init.o alt_sys_init.c
Compiling altera_avalon_jtag_uart_fd.c...
nios2-elf-gcc.exe -xc -MP -MMD -c  -I./HAL/inc -I. -I./drivers/inc -pipe -D__hal__ -DALT_NO_INSTRUCTION_EMULATION -DALT_SINGLE_THREADED    -O0 -g -Wall  -mno-hw-div -mno-hw-mul -mno-hw-mulx -mgpopt=global   -o obj/drivers/src/altera_avalon_jtag_uart_fd.o drivers/src/altera_avalon_jtag_uart_fd.c
Compiling altera_avalon_jtag_uart_init.c...
nios2-elf-gcc.exe -xc -MP -MMD -c  -I./HAL/inc -I. -I./drivers/inc -pipe -D__hal__ -DALT_NO_INSTRUCTION_EMULATION -DALT_SINGLE_THREADED    -O0 -g -Wall  -mno-hw-div -mno-hw-mul -mno-hw-mulx -mgpopt=global   -o obj/drivers/src/altera_avalon_jtag_uart_init.o drivers/src/altera_avalon_jtag_uart_init.c
Compiling altera_avalon_jtag_uart_ioctl.c...
nios2-elf-gcc.exe -xc -MP -MMD -c  -I./HAL/inc -I. -I./drivers/inc -pipe -D__hal__ -DALT_NO_INSTRUCTION_EMULATION -DALT_SINGLE_THREADED    -O0 -g -Wall  -mno-hw-div -mno-hw-mul -mno-hw-mulx -mgpopt=global   -o obj/drivers/src/altera_avalon_jtag_uart_ioctl.o drivers/src/altera_avalon_jtag_uart_ioctl.c
Compiling altera_avalon_jtag_uart_read.c...
nios2-elf-gcc.exe -xc -MP -MMD -c  -I./HAL/inc -I. -I./drivers/inc -pipe -D__hal__ -DALT_NO_INSTRUCTION_EMULATION -DALT_SINGLE_THREADED    -O0 -g -Wall  -mno-hw-div -mno-hw-mul -mno-hw-mulx -mgpopt=global   -o obj/drivers/src/altera_avalon_jtag_uart_read.o drivers/src/altera_avalon_jtag_uart_read.c
Compiling altera_avalon_jtag_uart_write.c...
nios2-elf-gcc.exe -xc -MP -MMD -c  -I./HAL/inc -I. -I./drivers/inc -pipe -D__hal__ -DALT_NO_INSTRUCTION_EMULATION -DALT_SINGLE_THREADED    -O0 -g -Wall  -mno-hw-div -mno-hw-mul -mno-hw-mulx -mgpopt=global   -o obj/drivers/src/altera_avalon_jtag_uart_write.o drivers/src/altera_avalon_jtag_uart_write.c
Compiling altera_avalon_sysid_qsys.c...
nios2-elf-gcc.exe -xc -MP -MMD -c  -I./HAL/inc -I. -I./drivers/inc -pipe -D__hal__ -DALT_NO_INSTRUCTION_EMULATION -DALT_SINGLE_THREADED    -O0 -g -Wall  -mno-hw-div -mno-hw-mul -mno-hw-mulx -mgpopt=global   -o obj/drivers/src/altera_avalon_sysid_qsys.o drivers/src/altera_avalon_sysid_qsys.c
Compiling altera_avalon_timer_sc.c...
nios2-elf-gcc.exe -xc -MP -MMD -c  -I./HAL/inc -I. -I./drivers/inc -pipe -D__hal__ -DALT_NO_INSTRUCTION_EMULATION -DALT_SINGLE_THREADED    -O0 -g -Wall  -mno-hw-div -mno-hw-mul -mno-hw-mulx -mgpopt=global   -o obj/drivers/src/altera_avalon_timer_sc.o drivers/src/altera_avalon_timer_sc.c
Compiling altera_avalon_timer_ts.c...
nios2-elf-gcc.exe -xc -MP -MMD -c  -I./HAL/inc -I. -I./drivers/inc -pipe -D__hal__ -DALT_NO_INSTRUCTION_EMULATION -DALT_SINGLE_THREADED    -O0 -g -Wall  -mno-hw-div -mno-hw-mul -mno-hw-mulx -mgpopt=global   -o obj/drivers/src/altera_avalon_timer_ts.o drivers/src/altera_avalon_timer_ts.c
Compiling altera_avalon_timer_vars.c...
nios2-elf-gcc.exe -xc -MP -MMD -c  -I./HAL/inc -I. -I./drivers/inc -pipe -D__hal__ -DALT_NO_INSTRUCTION_EMULATION -DALT_SINGLE_THREADED    -O0 -g -Wall  -mno-hw-div -mno-hw-mul -mno-hw-mulx -mgpopt=global   -o obj/drivers/src/altera_avalon_timer_vars.o drivers/src/altera_avalon_timer_vars.c
Creating libhal_bsp.a...
rm -f -f libhal_bsp.a
nios2-elf-ar.exe -src libhal_bsp.a obj/HAL/src/alt_alarm_start.o obj/HAL/src/alt_busy_sleep.o obj/HAL/src/alt_close.o obj/HAL/src/alt_dcache_flush.o obj/HAL/src/alt_dcache_flush_all.o obj/HAL/src/alt_dcache_flush_no_writeback.o obj/HAL/src/alt_dev.o obj/HAL/src/alt_dev_llist_insert.o obj/HAL/src/alt_dma_rxchan_open.o obj/HAL/src/alt_dma_txchan_open.o obj/HAL/src/alt_do_ctors.o obj/HAL/src/alt_do_dtors.o obj/HAL/src/alt_ecc_fatal_entry.o obj/HAL/src/alt_ecc_fatal_exception.o obj/HAL/src/alt_env_lock.o obj/HAL/src/alt_environ.o obj/HAL/src/alt_errno.o obj/HAL/src/alt_exception_entry.o obj/HAL/src/alt_exception_muldiv.o obj/HAL/src/alt_exception_trap.o obj/HAL/src/alt_execve.o obj/HAL/src/alt_exit.o obj/HAL/src/alt_fcntl.o obj/HAL/src/alt_fd_lock.o obj/HAL/src/alt_fd_unlock.o obj/HAL/src/alt_find_dev.o obj/HAL/src/alt_find_file.o obj/HAL/src/alt_flash_dev.o obj/HAL/src/alt_fork.o obj/HAL/src/alt_fs_reg.o obj/HAL/src/alt_fstat.o obj/HAL/src/alt_get_fd.o obj/HAL/src/alt_getchar.o obj/HAL/src/alt_getpid.o obj/HAL/src/alt_gettod.o obj/HAL/src/alt_gmon.o obj/HAL/src/alt_icache_flush.o obj/HAL/src/alt_icache_flush_all.o obj/HAL/src/alt_iic.o obj/HAL/src/alt_iic_isr_register.o obj/HAL/src/alt_instruction_exception_entry.o obj/HAL/src/alt_instruction_exception_register.o obj/HAL/src/alt_io_redirect.o obj/HAL/src/alt_ioctl.o obj/HAL/src/alt_irq_entry.o obj/HAL/src/alt_irq_handler.o obj/HAL/src/alt_irq_register.o obj/HAL/src/alt_irq_vars.o obj/HAL/src/alt_isatty.o obj/HAL/src/alt_kill.o obj/HAL/src/alt_link.o obj/HAL/src/alt_load.o obj/HAL/src/alt_log_macro.o obj/HAL/src/alt_log_printf.o obj/HAL/src/alt_lseek.o obj/HAL/src/alt_main.o obj/HAL/src/alt_malloc_lock.o obj/HAL/src/alt_mcount.o obj/HAL/src/alt_open.o obj/HAL/src/alt_printf.o obj/HAL/src/alt_putchar.o obj/HAL/src/alt_putcharbuf.o obj/HAL/src/alt_putstr.o obj/HAL/src/alt_read.o obj/HAL/src/alt_release_fd.o obj/HAL/src/alt_remap_cached.o obj/HAL/src/alt_remap_uncached.o obj/HAL/src/alt_rename.o obj/HAL/src/alt_sbrk.o obj/HAL/src/alt_settod.o obj/HAL/src/alt_software_exception.o obj/HAL/src/alt_stat.o obj/HAL/src/alt_tick.o obj/HAL/src/alt_times.o obj/HAL/src/alt_uncached_free.o obj/HAL/src/alt_uncached_malloc.o obj/HAL/src/alt_unlink.o obj/HAL/src/alt_usleep.o obj/HAL/src/alt_wait.o obj/HAL/src/alt_write.o obj/HAL/src/altera_nios2_gen2_irq.o obj/HAL/src/crt0.o obj/alt_sys_init.o obj/drivers/src/altera_avalon_jtag_uart_fd.o obj/drivers/src/altera_avalon_jtag_uart_init.o obj/drivers/src/altera_avalon_jtag_uart_ioctl.o obj/drivers/src/altera_avalon_jtag_uart_read.o obj/drivers/src/altera_avalon_jtag_uart_write.o obj/drivers/src/altera_avalon_sysid_qsys.o obj/drivers/src/altera_avalon_timer_sc.o obj/drivers/src/altera_avalon_timer_ts.o obj/drivers/src/altera_avalon_timer_vars.o
[BSP build complete]
Info: Compiling overdrive.c to obj/default/overdrive.o
nios2-elf-gcc.exe -xc -MP -MMD -c -Ic:/repos/fpga_dsp/audio_sdram/software/audio_feed_7_bsp//HAL/inc -Ic:/repos/fpga_dsp/audio_sdram/software/audio_feed_7_bsp/ -Ic:/repos/fpga_dsp/audio_sdram/software/audio_feed_7_bsp//drivers/inc  -pipe -D__hal__ -DALT_NO_INSTRUCTION_EMULATION -DALT_SINGLE_THREADED    -O0 -g -Wall   -mno-hw-div -mno-hw-mul -mno-hw-mulx -mgpopt=global  -o obj/default/overdrive.o overdrive.c
overdrive.c: In function 'od_set_mix_f':
overdrive.c:91:5: warning: this 'if' clause does not guard... [-Wmisleading-indentation]
   91 |     if (m < 0.0f) m = 0.0f; if (m > 1.0f) m = 1.0f;
      |     ^~
overdrive.c:91:29: note: ...this statement, but the latter is misleadingly indented as if it were guarded by the 'if'
   91 |     if (m < 0.0f) m = 0.0f; if (m > 1.0f) m = 1.0f;
      |                             ^~
overdrive.c: In function 'od_process_sample':
overdrive.c:115:13: warning: unused variable 'wet' [-Wunused-variable]
  115 |     int32_t wet  = q15_mul(y,           od->mix_q15);           // Q1.15
      |             ^~~
Info: Linking audio_feed_7.elf
nios2-elf-g++.exe  -T'c:/repos/fpga_dsp/audio_sdram/software/audio_feed_7_bsp//linker.x' -msys-crt0='c:/repos/fpga_dsp/audio_sdram/software/audio_feed_7_bsp//obj/HAL/src/crt0.o' -msys-lib=hal_bsp -Lc:/repos/fpga_dsp/audio_sdram/software/audio_feed_7_bsp/   -Wl,-Map=audio_feed_7.map   -O0 -g -Wall   -mno-hw-div -mno-hw-mul -mno-hw-mulx -mgpopt=global  -o audio_feed_7.elf obj/default/AUDIO.o obj/default/I2C.o obj/default/LED.o obj/default/SEG7.o obj/default/debug.o obj/default/main.o obj/default/overdrive.o -lm -msys-lib=m
nios2-elf-insert.exe audio_feed_7.elf --thread_model hal --cpu_name nios2_gen2_0 --qsys true --simulation_enabled false --id 0 --sidp 0x5101048 --timestamp 1756386196 --stderr_dev jtag_uart --stdin_dev jtag_uart --stdout_dev jtag_uart --sopc_system_name audio_feed --quartus_project_dir "c:/repos/fpga_dsp/audio_sdram" --jdi ../..//output_files/audio_feed.jdi
Info: (audio_feed_7.elf) 112 KBytes program size (code + initialized data).
Info:                    65523 KBytes free for stack + heap.
Info: Creating audio_feed_7.objdump
nios2-elf-objdump.exe --disassemble --syms --all-header --source audio_feed_7.elf >audio_feed_7.objdump
[audio_feed_7 build complete]
22:08:07 **** Build of configuration Nios II for project audio_feed_7_bsp ****
wsl make all 
[BSP build complete]
22:08:07 **** Build of configuration Nios II for project audio_feed_bsp ****
wsl make all 
Makefile not up to date.
/mnt/c/repos/fpga_pedal/audio_sdram/audio_feed.sopcinfo has been modified since the BSP was generated.

Generate the BSP to update the Makefile, and then build again.

To generate from Eclipse:
 1. Right-click the BSP project.
 2. In the Nios II Menu, click Generate BSP.

To generate from the command line:
 nios2-bsp-generate-files --settings=<settings file> --bsp-dir=<target bsp files directory>

Makefile:555: recipe for target 'public.mk' failed
make: *** [public.mk] Error 1
22:08:40 **** Clean-only build of configuration Nios II for project audio_feed_7 ****
wsl make clean 
[audio_feed_7 clean complete]
22:08:41 **** Clean-only build of configuration Nios II for project audio_feed_7_bsp ****
wsl make clean 
[BSP clean complete]
22:08:41 **** Incremental Build of configuration Nios II for project audio_feed ****
wsl make all 
Info: Building /mnt/c/repos/fpga_dsp/audio_sdram/software/audio_feed_bsp/
make --no-print-directory -C /mnt/c/repos/fpga_dsp/audio_sdram/software/audio_feed_bsp/
Makefile not up to date.
/mnt/c/repos/fpga_pedal/audio_sdram/audio_feed.sopcinfo has been modified since the BSP was generated.

Generate the BSP to update the Makefile, and then build again.

To generate from Eclipse:
 1. Right-click the BSP project.
 2. In the Nios II Menu, click Generate BSP.

To generate from the command line:
 nios2-bsp-generate-files --settings=<settings file> --bsp-dir=<target bsp files directory>

Makefile:555: recipe for target 'public.mk' failed
make[1]: *** [public.mk] Error 1
Makefile:846: recipe for target '/mnt/c/repos/fpga_dsp/audio_sdram/software/audio_feed_bsp/-recurs-make-lib' failed
make: *** [/mnt/c/repos/fpga_dsp/audio_sdram/software/audio_feed_bsp/-recurs-make-lib] Error 2
22:08:42 **** Incremental Build of configuration Nios II for project audio_feed_3 ****
wsl make all 
Info: Building /mnt/c/repos/fpga_dsp/audio_sdram/software/audio_feed_3_bsp/
make --no-print-directory -C /mnt/c/repos/fpga_dsp/audio_sdram/software/audio_feed_3_bsp/
Makefile not up to date.
/mnt/c/repos/fpga_dsp/audio_sdram/audio_feed.sopcinfo has been modified since the BSP was generated.

Generate the BSP to update the Makefile, and then build again.

To generate from Eclipse:
 1. Right-click the BSP project.
 2. In the Nios II Menu, click Generate BSP.

To generate from the command line:
 nios2-bsp-generate-files --settings=<settings file> --bsp-dir=<target bsp files directory>

Makefile:555: recipe for target 'public.mk' failed
make[1]: *** [public.mk] Error 1
Makefile:846: recipe for target '/mnt/c/repos/fpga_dsp/audio_sdram/software/audio_feed_3_bsp/-recurs-make-lib' failed
make: *** [/mnt/c/repos/fpga_dsp/audio_sdram/software/audio_feed_3_bsp/-recurs-make-lib] Error 2
22:08:47 **** Incremental Build of configuration Nios II for project audio_feed_3_bsp ****
wsl make all 
Makefile not up to date.
/mnt/c/repos/fpga_dsp/audio_sdram/audio_feed.sopcinfo has been modified since the BSP was generated.

Generate the BSP to update the Makefile, and then build again.

To generate from Eclipse:
 1. Right-click the BSP project.
 2. In the Nios II Menu, click Generate BSP.

To generate from the command line:
 nios2-bsp-generate-files --settings=<settings file> --bsp-dir=<target bsp files directory>

Makefile:555: recipe for target 'public.mk' failed
make: *** [public.mk] Error 1
22:08:47 **** Incremental Build of configuration Nios II for project audio_feed_4 ****
wsl make all 
Info: Building /mnt/c/repos/fpga_dsp/audio_sdram/software/audio_feed_4_bsp/
make --no-print-directory -C /mnt/c/repos/fpga_dsp/audio_sdram/software/audio_feed_4_bsp/
Makefile not up to date.
/mnt/c/repos/fpga_dsp/audio_sdram/audio_feed.sopcinfo has been modified since the BSP was generated.

Generate the BSP to update the Makefile, and then build again.

To generate from Eclipse:
 1. Right-click the BSP project.
 2. In the Nios II Menu, click Generate BSP.

To generate from the command line:
 nios2-bsp-generate-files --settings=<settings file> --bsp-dir=<target bsp files directory>

Makefile:555: recipe for target 'public.mk' failed
make[1]: *** [public.mk] Error 1
Makefile:846: recipe for target '/mnt/c/repos/fpga_dsp/audio_sdram/software/audio_feed_4_bsp/-recurs-make-lib' failed
make: *** [/mnt/c/repos/fpga_dsp/audio_sdram/software/audio_feed_4_bsp/-recurs-make-lib] Error 2
22:08:48 **** Incremental Build of configuration Nios II for project audio_feed_4_bsp ****
wsl make all 
Makefile not up to date.
/mnt/c/repos/fpga_dsp/audio_sdram/audio_feed.sopcinfo has been modified since the BSP was generated.

Generate the BSP to update the Makefile, and then build again.

To generate from Eclipse:
 1. Right-click the BSP project.
 2. In the Nios II Menu, click Generate BSP.

To generate from the command line:
 nios2-bsp-generate-files --settings=<settings file> --bsp-dir=<target bsp files directory>

Makefile:555: recipe for target 'public.mk' failed
make: *** [public.mk] Error 1
22:08:48 **** Incremental Build of configuration Nios II for project audio_feed_5 ****
wsl make all 
Info: Building /mnt/c/repos/fpga_dsp/audio_sdram/software/audio_feed_5_bsp/
make --no-print-directory -C /mnt/c/repos/fpga_dsp/audio_sdram/software/audio_feed_5_bsp/
Makefile not up to date.
/mnt/c/repos/fpga_dsp/audio_sdram/audio_feed.sopcinfo has been modified since the BSP was generated.

Generate the BSP to update the Makefile, and then build again.

To generate from Eclipse:
 1. Right-click the BSP project.
 2. In the Nios II Menu, click Generate BSP.

To generate from the command line:
 nios2-bsp-generate-files --settings=<settings file> --bsp-dir=<target bsp files directory>

Makefile:555: recipe for target 'public.mk' failed
make[1]: *** [public.mk] Error 1
Makefile:846: recipe for target '/mnt/c/repos/fpga_dsp/audio_sdram/software/audio_feed_5_bsp/-recurs-make-lib' failed
make: *** [/mnt/c/repos/fpga_dsp/audio_sdram/software/audio_feed_5_bsp/-recurs-make-lib] Error 2
22:08:49 **** Incremental Build of configuration Nios II for project audio_feed_5_bsp ****
wsl make all 
Makefile not up to date.
/mnt/c/repos/fpga_dsp/audio_sdram/audio_feed.sopcinfo has been modified since the BSP was generated.

Generate the BSP to update the Makefile, and then build again.

To generate from Eclipse:
 1. Right-click the BSP project.
 2. In the Nios II Menu, click Generate BSP.

To generate from the command line:
 nios2-bsp-generate-files --settings=<settings file> --bsp-dir=<target bsp files directory>

Makefile:555: recipe for target 'public.mk' failed
make: *** [public.mk] Error 1
22:08:49 **** Incremental Build of configuration Nios II for project audio_feed_6 ****
wsl make all 
Info: Building /mnt/c/repos/fpga_dsp/audio_sdram/software/audio_feed_6_bsp/
make --no-print-directory -C /mnt/c/repos/fpga_dsp/audio_sdram/software/audio_feed_6_bsp/
Makefile not up to date.
/mnt/c/repos/fpga_dsp/audio_sdram/audio_feed.sopcinfo has been modified since the BSP was generated.

Generate the BSP to update the Makefile, and then build again.

To generate from Eclipse:
 1. Right-click the BSP project.
 2. In the Nios II Menu, click Generate BSP.

To generate from the command line:
 nios2-bsp-generate-files --settings=<settings file> --bsp-dir=<target bsp files directory>

Makefile:555: recipe for target 'public.mk' failed
make[1]: *** [public.mk] Error 1
Makefile:846: recipe for target '/mnt/c/repos/fpga_dsp/audio_sdram/software/audio_feed_6_bsp/-recurs-make-lib' failed
make: *** [/mnt/c/repos/fpga_dsp/audio_sdram/software/audio_feed_6_bsp/-recurs-make-lib] Error 2
22:08:50 **** Incremental Build of configuration Nios II for project audio_feed_6_bsp ****
wsl make all 
Makefile not up to date.
/mnt/c/repos/fpga_dsp/audio_sdram/audio_feed.sopcinfo has been modified since the BSP was generated.

Generate the BSP to update the Makefile, and then build again.

To generate from Eclipse:
 1. Right-click the BSP project.
 2. In the Nios II Menu, click Generate BSP.

To generate from the command line:
 nios2-bsp-generate-files --settings=<settings file> --bsp-dir=<target bsp files directory>

Makefile:555: recipe for target 'public.mk' failed
make: *** [public.mk] Error 1
22:08:51 **** Build of configuration Nios II for project audio_feed_7 ****
wsl make all 
Info: Building /mnt/c/repos/fpga_dsp/audio_sdram/software/audio_feed_7_bsp/
make --no-print-directory -C /mnt/c/repos/fpga_dsp/audio_sdram/software/audio_feed_7_bsp/
Compiling alt_alarm_start.c...
nios2-elf-gcc.exe -xc -MP -MMD -c  -I./HAL/inc -I. -I./drivers/inc -pipe -D__hal__ -DALT_NO_INSTRUCTION_EMULATION -DALT_SINGLE_THREADED    -O0 -g -Wall  -mno-hw-div -mno-hw-mul -mno-hw-mulx -mgpopt=global   -o obj/HAL/src/alt_alarm_start.o HAL/src/alt_alarm_start.c
Compiling alt_busy_sleep.c...
nios2-elf-gcc.exe -xc -MP -MMD -c  -I./HAL/inc -I. -I./drivers/inc -pipe -D__hal__ -DALT_NO_INSTRUCTION_EMULATION -DALT_SINGLE_THREADED    -O0 -g -Wall  -mno-hw-div -mno-hw-mul -mno-hw-mulx -mgpopt=global   -o obj/HAL/src/alt_busy_sleep.o HAL/src/alt_busy_sleep.c
Compiling alt_close.c...
nios2-elf-gcc.exe -xc -MP -MMD -c  -I./HAL/inc -I. -I./drivers/inc -pipe -D__hal__ -DALT_NO_INSTRUCTION_EMULATION -DALT_SINGLE_THREADED    -O0 -g -Wall  -mno-hw-div -mno-hw-mul -mno-hw-mulx -mgpopt=global   -o obj/HAL/src/alt_close.o HAL/src/alt_close.c
Compiling alt_dcache_flush.c...
nios2-elf-gcc.exe -xc -MP -MMD -c  -I./HAL/inc -I. -I./drivers/inc -pipe -D__hal__ -DALT_NO_INSTRUCTION_EMULATION -DALT_SINGLE_THREADED    -O0 -g -Wall  -mno-hw-div -mno-hw-mul -mno-hw-mulx -mgpopt=global   -o obj/HAL/src/alt_dcache_flush.o HAL/src/alt_dcache_flush.c
Compiling alt_dcache_flush_all.c...
nios2-elf-gcc.exe -xc -MP -MMD -c  -I./HAL/inc -I. -I./drivers/inc -pipe -D__hal__ -DALT_NO_INSTRUCTION_EMULATION -DALT_SINGLE_THREADED    -O0 -g -Wall  -mno-hw-div -mno-hw-mul -mno-hw-mulx -mgpopt=global   -o obj/HAL/src/alt_dcache_flush_all.o HAL/src/alt_dcache_flush_all.c
Compiling alt_dcache_flush_no_writeback.c...
nios2-elf-gcc.exe -xc -MP -MMD -c  -I./HAL/inc -I. -I./drivers/inc -pipe -D__hal__ -DALT_NO_INSTRUCTION_EMULATION -DALT_SINGLE_THREADED    -O0 -g -Wall  -mno-hw-div -mno-hw-mul -mno-hw-mulx -mgpopt=global   -o obj/HAL/src/alt_dcache_flush_no_writeback.o HAL/src/alt_dcache_flush_no_writeback.c
Compiling alt_dev.c...
nios2-elf-gcc.exe -xc -MP -MMD -c  -I./HAL/inc -I. -I./drivers/inc -pipe -D__hal__ -DALT_NO_INSTRUCTION_EMULATION -DALT_SINGLE_THREADED    -O0 -g -Wall  -mno-hw-div -mno-hw-mul -mno-hw-mulx -mgpopt=global   -o obj/HAL/src/alt_dev.o HAL/src/alt_dev.c
Compiling alt_dev_llist_insert.c...
nios2-elf-gcc.exe -xc -MP -MMD -c  -I./HAL/inc -I. -I./drivers/inc -pipe -D__hal__ -DALT_NO_INSTRUCTION_EMULATION -DALT_SINGLE_THREADED    -O0 -g -Wall  -mno-hw-div -mno-hw-mul -mno-hw-mulx -mgpopt=global   -o obj/HAL/src/alt_dev_llist_insert.o HAL/src/alt_dev_llist_insert.c
Compiling alt_dma_rxchan_open.c...
nios2-elf-gcc.exe -xc -MP -MMD -c  -I./HAL/inc -I. -I./drivers/inc -pipe -D__hal__ -DALT_NO_INSTRUCTION_EMULATION -DALT_SINGLE_THREADED    -O0 -g -Wall  -mno-hw-div -mno-hw-mul -mno-hw-mulx -mgpopt=global   -o obj/HAL/src/alt_dma_rxchan_open.o HAL/src/alt_dma_rxchan_open.c
Compiling alt_dma_txchan_open.c...
nios2-elf-gcc.exe -xc -MP -MMD -c  -I./HAL/inc -I. -I./drivers/inc -pipe -D__hal__ -DALT_NO_INSTRUCTION_EMULATION -DALT_SINGLE_THREADED    -O0 -g -Wall  -mno-hw-div -mno-hw-mul -mno-hw-mulx -mgpopt=global   -o obj/HAL/src/alt_dma_txchan_open.o HAL/src/alt_dma_txchan_open.c
Compiling alt_do_ctors.c...
nios2-elf-gcc.exe -xc -MP -MMD -c  -I./HAL/inc -I. -I./drivers/inc -pipe -D__hal__ -DALT_NO_INSTRUCTION_EMULATION -DALT_SINGLE_THREADED    -O0 -g -Wall  -mno-hw-div -mno-hw-mul -mno-hw-mulx -mgpopt=global   -o obj/HAL/src/alt_do_ctors.o HAL/src/alt_do_ctors.c
Compiling alt_do_dtors.c...
nios2-elf-gcc.exe -xc -MP -MMD -c  -I./HAL/inc -I. -I./drivers/inc -pipe -D__hal__ -DALT_NO_INSTRUCTION_EMULATION -DALT_SINGLE_THREADED    -O0 -g -Wall  -mno-hw-div -mno-hw-mul -mno-hw-mulx -mgpopt=global   -o obj/HAL/src/alt_do_dtors.o HAL/src/alt_do_dtors.c
Compiling alt_ecc_fatal_entry.S...
nios2-elf-gcc.exe -MP -MMD -c   -O0 -g -Wall  -mno-hw-div -mno-hw-mul -mno-hw-mulx -mgpopt=global    -I./HAL/inc -I. -I./drivers/inc -pipe -D__hal__ -DALT_NO_INSTRUCTION_EMULATION -DALT_SINGLE_THREADED  -Wa,-gdwarf2  -o obj/HAL/src/alt_ecc_fatal_entry.o HAL/src/alt_ecc_fatal_entry.S
Compiling alt_ecc_fatal_exception.c...
nios2-elf-gcc.exe -xc -MP -MMD -c  -I./HAL/inc -I. -I./drivers/inc -pipe -D__hal__ -DALT_NO_INSTRUCTION_EMULATION -DALT_SINGLE_THREADED    -O0 -g -Wall  -mno-hw-div -mno-hw-mul -mno-hw-mulx -mgpopt=global   -o obj/HAL/src/alt_ecc_fatal_exception.o HAL/src/alt_ecc_fatal_exception.c
Compiling alt_env_lock.c...
nios2-elf-gcc.exe -xc -MP -MMD -c  -I./HAL/inc -I. -I./drivers/inc -pipe -D__hal__ -DALT_NO_INSTRUCTION_EMULATION -DALT_SINGLE_THREADED    -O0 -g -Wall  -mno-hw-div -mno-hw-mul -mno-hw-mulx -mgpopt=global   -o obj/HAL/src/alt_env_lock.o HAL/src/alt_env_lock.c
Compiling alt_environ.c...
nios2-elf-gcc.exe -xc -MP -MMD -c  -I./HAL/inc -I. -I./drivers/inc -pipe -D__hal__ -DALT_NO_INSTRUCTION_EMULATION -DALT_SINGLE_THREADED    -O0 -g -Wall  -mno-hw-div -mno-hw-mul -mno-hw-mulx -mgpopt=global   -o obj/HAL/src/alt_environ.o HAL/src/alt_environ.c
Compiling alt_errno.c...
nios2-elf-gcc.exe -xc -MP -MMD -c  -I./HAL/inc -I. -I./drivers/inc -pipe -D__hal__ -DALT_NO_INSTRUCTION_EMULATION -DALT_SINGLE_THREADED    -O0 -g -Wall  -mno-hw-div -mno-hw-mul -mno-hw-mulx -mgpopt=global   -o obj/HAL/src/alt_errno.o HAL/src/alt_errno.c
Compiling alt_exception_entry.S...
nios2-elf-gcc.exe -MP -MMD -c   -O0 -g -Wall  -mno-hw-div -mno-hw-mul -mno-hw-mulx -mgpopt=global    -I./HAL/inc -I. -I./drivers/inc -pipe -D__hal__ -DALT_NO_INSTRUCTION_EMULATION -DALT_SINGLE_THREADED  -Wa,-gdwarf2  -o obj/HAL/src/alt_exception_entry.o HAL/src/alt_exception_entry.S
Compiling alt_exception_muldiv.S...
nios2-elf-gcc.exe -MP -MMD -c   -O0 -g -Wall  -mno-hw-div -mno-hw-mul -mno-hw-mulx -mgpopt=global    -I./HAL/inc -I. -I./drivers/inc -pipe -D__hal__ -DALT_NO_INSTRUCTION_EMULATION -DALT_SINGLE_THREADED  -Wa,-gdwarf2  -o obj/HAL/src/alt_exception_muldiv.o HAL/src/alt_exception_muldiv.S
Compiling alt_exception_trap.S...
nios2-elf-gcc.exe -MP -MMD -c   -O0 -g -Wall  -mno-hw-div -mno-hw-mul -mno-hw-mulx -mgpopt=global    -I./HAL/inc -I. -I./drivers/inc -pipe -D__hal__ -DALT_NO_INSTRUCTION_EMULATION -DALT_SINGLE_THREADED  -Wa,-gdwarf2  -o obj/HAL/src/alt_exception_trap.o HAL/src/alt_exception_trap.S
Compiling alt_execve.c...
nios2-elf-gcc.exe -xc -MP -MMD -c  -I./HAL/inc -I. -I./drivers/inc -pipe -D__hal__ -DALT_NO_INSTRUCTION_EMULATION -DALT_SINGLE_THREADED    -O0 -g -Wall  -mno-hw-div -mno-hw-mul -mno-hw-mulx -mgpopt=global   -o obj/HAL/src/alt_execve.o HAL/src/alt_execve.c
Compiling alt_exit.c...
nios2-elf-gcc.exe -xc -MP -MMD -c  -I./HAL/inc -I. -I./drivers/inc -pipe -D__hal__ -DALT_NO_INSTRUCTION_EMULATION -DALT_SINGLE_THREADED    -O0 -g -Wall  -mno-hw-div -mno-hw-mul -mno-hw-mulx -mgpopt=global   -o obj/HAL/src/alt_exit.o HAL/src/alt_exit.c
Compiling alt_fcntl.c...
nios2-elf-gcc.exe -xc -MP -MMD -c  -I./HAL/inc -I. -I./drivers/inc -pipe -D__hal__ -DALT_NO_INSTRUCTION_EMULATION -DALT_SINGLE_THREADED    -O0 -g -Wall  -mno-hw-div -mno-hw-mul -mno-hw-mulx -mgpopt=global   -o obj/HAL/src/alt_fcntl.o HAL/src/alt_fcntl.c
Compiling alt_fd_lock.c...
nios2-elf-gcc.exe -xc -MP -MMD -c  -I./HAL/inc -I. -I./drivers/inc -pipe -D__hal__ -DALT_NO_INSTRUCTION_EMULATION -DALT_SINGLE_THREADED    -O0 -g -Wall  -mno-hw-div -mno-hw-mul -mno-hw-mulx -mgpopt=global   -o obj/HAL/src/alt_fd_lock.o HAL/src/alt_fd_lock.c
Compiling alt_fd_unlock.c...
nios2-elf-gcc.exe -xc -MP -MMD -c  -I./HAL/inc -I. -I./drivers/inc -pipe -D__hal__ -DALT_NO_INSTRUCTION_EMULATION -DALT_SINGLE_THREADED    -O0 -g -Wall  -mno-hw-div -mno-hw-mul -mno-hw-mulx -mgpopt=global   -o obj/HAL/src/alt_fd_unlock.o HAL/src/alt_fd_unlock.c
Compiling alt_find_dev.c...
nios2-elf-gcc.exe -xc -MP -MMD -c  -I./HAL/inc -I. -I./drivers/inc -pipe -D__hal__ -DALT_NO_INSTRUCTION_EMULATION -DALT_SINGLE_THREADED    -O0 -g -Wall  -mno-hw-div -mno-hw-mul -mno-hw-mulx -mgpopt=global   -o obj/HAL/src/alt_find_dev.o HAL/src/alt_find_dev.c
Compiling alt_find_file.c...
nios2-elf-gcc.exe -xc -MP -MMD -c  -I./HAL/inc -I. -I./drivers/inc -pipe -D__hal__ -DALT_NO_INSTRUCTION_EMULATION -DALT_SINGLE_THREADED    -O0 -g -Wall  -mno-hw-div -mno-hw-mul -mno-hw-mulx -mgpopt=global   -o obj/HAL/src/alt_find_file.o HAL/src/alt_find_file.c
Compiling alt_flash_dev.c...
nios2-elf-gcc.exe -xc -MP -MMD -c  -I./HAL/inc -I. -I./drivers/inc -pipe -D__hal__ -DALT_NO_INSTRUCTION_EMULATION -DALT_SINGLE_THREADED    -O0 -g -Wall  -mno-hw-div -mno-hw-mul -mno-hw-mulx -mgpopt=global   -o obj/HAL/src/alt_flash_dev.o HAL/src/alt_flash_dev.c
Compiling alt_fork.c...
nios2-elf-gcc.exe -xc -MP -MMD -c  -I./HAL/inc -I. -I./drivers/inc -pipe -D__hal__ -DALT_NO_INSTRUCTION_EMULATION -DALT_SINGLE_THREADED    -O0 -g -Wall  -mno-hw-div -mno-hw-mul -mno-hw-mulx -mgpopt=global   -o obj/HAL/src/alt_fork.o HAL/src/alt_fork.c
Compiling alt_fs_reg.c...
nios2-elf-gcc.exe -xc -MP -MMD -c  -I./HAL/inc -I. -I./drivers/inc -pipe -D__hal__ -DALT_NO_INSTRUCTION_EMULATION -DALT_SINGLE_THREADED    -O0 -g -Wall  -mno-hw-div -mno-hw-mul -mno-hw-mulx -mgpopt=global   -o obj/HAL/src/alt_fs_reg.o HAL/src/alt_fs_reg.c
Compiling alt_fstat.c...
nios2-elf-gcc.exe -xc -MP -MMD -c  -I./HAL/inc -I. -I./drivers/inc -pipe -D__hal__ -DALT_NO_INSTRUCTION_EMULATION -DALT_SINGLE_THREADED    -O0 -g -Wall  -mno-hw-div -mno-hw-mul -mno-hw-mulx -mgpopt=global   -o obj/HAL/src/alt_fstat.o HAL/src/alt_fstat.c
Compiling alt_get_fd.c...
nios2-elf-gcc.exe -xc -MP -MMD -c  -I./HAL/inc -I. -I./drivers/inc -pipe -D__hal__ -DALT_NO_INSTRUCTION_EMULATION -DALT_SINGLE_THREADED    -O0 -g -Wall  -mno-hw-div -mno-hw-mul -mno-hw-mulx -mgpopt=global   -o obj/HAL/src/alt_get_fd.o HAL/src/alt_get_fd.c
Compiling alt_getchar.c...
nios2-elf-gcc.exe -xc -MP -MMD -c  -I./HAL/inc -I. -I./drivers/inc -pipe -D__hal__ -DALT_NO_INSTRUCTION_EMULATION -DALT_SINGLE_THREADED    -O0 -g -Wall  -mno-hw-div -mno-hw-mul -mno-hw-mulx -mgpopt=global   -o obj/HAL/src/alt_getchar.o HAL/src/alt_getchar.c
Compiling alt_getpid.c...
nios2-elf-gcc.exe -xc -MP -MMD -c  -I./HAL/inc -I. -I./drivers/inc -pipe -D__hal__ -DALT_NO_INSTRUCTION_EMULATION -DALT_SINGLE_THREADED    -O0 -g -Wall  -mno-hw-div -mno-hw-mul -mno-hw-mulx -mgpopt=global   -o obj/HAL/src/alt_getpid.o HAL/src/alt_getpid.c
Compiling alt_gettod.c...
nios2-elf-gcc.exe -xc -MP -MMD -c  -I./HAL/inc -I. -I./drivers/inc -pipe -D__hal__ -DALT_NO_INSTRUCTION_EMULATION -DALT_SINGLE_THREADED    -O0 -g -Wall  -mno-hw-div -mno-hw-mul -mno-hw-mulx -mgpopt=global   -o obj/HAL/src/alt_gettod.o HAL/src/alt_gettod.c
Compiling alt_gmon.c...
nios2-elf-gcc.exe -xc -MP -MMD -c  -I./HAL/inc -I. -I./drivers/inc -pipe -D__hal__ -DALT_NO_INSTRUCTION_EMULATION -DALT_SINGLE_THREADED    -O0 -g -Wall  -mno-hw-div -mno-hw-mul -mno-hw-mulx -mgpopt=global   -o obj/HAL/src/alt_gmon.o HAL/src/alt_gmon.c
Compiling alt_icache_flush.c...
nios2-elf-gcc.exe -xc -MP -MMD -c  -I./HAL/inc -I. -I./drivers/inc -pipe -D__hal__ -DALT_NO_INSTRUCTION_EMULATION -DALT_SINGLE_THREADED    -O0 -g -Wall  -mno-hw-div -mno-hw-mul -mno-hw-mulx -mgpopt=global   -o obj/HAL/src/alt_icache_flush.o HAL/src/alt_icache_flush.c
Compiling alt_icache_flush_all.c...
nios2-elf-gcc.exe -xc -MP -MMD -c  -I./HAL/inc -I. -I./drivers/inc -pipe -D__hal__ -DALT_NO_INSTRUCTION_EMULATION -DALT_SINGLE_THREADED    -O0 -g -Wall  -mno-hw-div -mno-hw-mul -mno-hw-mulx -mgpopt=global   -o obj/HAL/src/alt_icache_flush_all.o HAL/src/alt_icache_flush_all.c
Compiling alt_iic.c...
nios2-elf-gcc.exe -xc -MP -MMD -c  -I./HAL/inc -I. -I./drivers/inc -pipe -D__hal__ -DALT_NO_INSTRUCTION_EMULATION -DALT_SINGLE_THREADED    -O0 -g -Wall  -mno-hw-div -mno-hw-mul -mno-hw-mulx -mgpopt=global   -o obj/HAL/src/alt_iic.o HAL/src/alt_iic.c
Compiling alt_iic_isr_register.c...
nios2-elf-gcc.exe -xc -MP -MMD -c  -I./HAL/inc -I. -I./drivers/inc -pipe -D__hal__ -DALT_NO_INSTRUCTION_EMULATION -DALT_SINGLE_THREADED    -O0 -g -Wall  -mno-hw-div -mno-hw-mul -mno-hw-mulx -mgpopt=global   -o obj/HAL/src/alt_iic_isr_register.o HAL/src/alt_iic_isr_register.c
Compiling alt_instruction_exception_entry.c...
nios2-elf-gcc.exe -xc -MP -MMD -c  -I./HAL/inc -I. -I./drivers/inc -pipe -D__hal__ -DALT_NO_INSTRUCTION_EMULATION -DALT_SINGLE_THREADED    -O0 -g -Wall  -mno-hw-div -mno-hw-mul -mno-hw-mulx -mgpopt=global   -o obj/HAL/src/alt_instruction_exception_entry.o HAL/src/alt_instruction_exception_entry.c
Compiling alt_instruction_exception_register.c...
nios2-elf-gcc.exe -xc -MP -MMD -c  -I./HAL/inc -I. -I./drivers/inc -pipe -D__hal__ -DALT_NO_INSTRUCTION_EMULATION -DALT_SINGLE_THREADED    -O0 -g -Wall  -mno-hw-div -mno-hw-mul -mno-hw-mulx -mgpopt=global   -o obj/HAL/src/alt_instruction_exception_register.o HAL/src/alt_instruction_exception_register.c
Compiling alt_io_redirect.c...
nios2-elf-gcc.exe -xc -MP -MMD -c  -I./HAL/inc -I. -I./drivers/inc -pipe -D__hal__ -DALT_NO_INSTRUCTION_EMULATION -DALT_SINGLE_THREADED    -O0 -g -Wall  -mno-hw-div -mno-hw-mul -mno-hw-mulx -mgpopt=global   -o obj/HAL/src/alt_io_redirect.o HAL/src/alt_io_redirect.c
Compiling alt_ioctl.c...
nios2-elf-gcc.exe -xc -MP -MMD -c  -I./HAL/inc -I. -I./drivers/inc -pipe -D__hal__ -DALT_NO_INSTRUCTION_EMULATION -DALT_SINGLE_THREADED    -O0 -g -Wall  -mno-hw-div -mno-hw-mul -mno-hw-mulx -mgpopt=global   -o obj/HAL/src/alt_ioctl.o HAL/src/alt_ioctl.c
Compiling alt_irq_entry.S...
nios2-elf-gcc.exe -MP -MMD -c   -O0 -g -Wall  -mno-hw-div -mno-hw-mul -mno-hw-mulx -mgpopt=global    -I./HAL/inc -I. -I./drivers/inc -pipe -D__hal__ -DALT_NO_INSTRUCTION_EMULATION -DALT_SINGLE_THREADED  -Wa,-gdwarf2  -o obj/HAL/src/alt_irq_entry.o HAL/src/alt_irq_entry.S
Compiling alt_irq_handler.c...
nios2-elf-gcc.exe -xc -MP -MMD -c  -I./HAL/inc -I. -I./drivers/inc -pipe -D__hal__ -DALT_NO_INSTRUCTION_EMULATION -DALT_SINGLE_THREADED    -O0 -g -Wall  -mno-hw-div -mno-hw-mul -mno-hw-mulx -mgpopt=global   -o obj/HAL/src/alt_irq_handler.o HAL/src/alt_irq_handler.c
Compiling alt_irq_register.c...
nios2-elf-gcc.exe -xc -MP -MMD -c  -I./HAL/inc -I. -I./drivers/inc -pipe -D__hal__ -DALT_NO_INSTRUCTION_EMULATION -DALT_SINGLE_THREADED    -O0 -g -Wall  -mno-hw-div -mno-hw-mul -mno-hw-mulx -mgpopt=global   -o obj/HAL/src/alt_irq_register.o HAL/src/alt_irq_register.c
Compiling alt_irq_vars.c...
nios2-elf-gcc.exe -xc -MP -MMD -c  -I./HAL/inc -I. -I./drivers/inc -pipe -D__hal__ -DALT_NO_INSTRUCTION_EMULATION -DALT_SINGLE_THREADED    -O0 -g -Wall  -mno-hw-div -mno-hw-mul -mno-hw-mulx -mgpopt=global   -o obj/HAL/src/alt_irq_vars.o HAL/src/alt_irq_vars.c
Compiling alt_isatty.c...
nios2-elf-gcc.exe -xc -MP -MMD -c  -I./HAL/inc -I. -I./drivers/inc -pipe -D__hal__ -DALT_NO_INSTRUCTION_EMULATION -DALT_SINGLE_THREADED    -O0 -g -Wall  -mno-hw-div -mno-hw-mul -mno-hw-mulx -mgpopt=global   -o obj/HAL/src/alt_isatty.o HAL/src/alt_isatty.c
Compiling alt_kill.c...
nios2-elf-gcc.exe -xc -MP -MMD -c  -I./HAL/inc -I. -I./drivers/inc -pipe -D__hal__ -DALT_NO_INSTRUCTION_EMULATION -DALT_SINGLE_THREADED    -O0 -g -Wall  -mno-hw-div -mno-hw-mul -mno-hw-mulx -mgpopt=global   -o obj/HAL/src/alt_kill.o HAL/src/alt_kill.c
Compiling alt_link.c...
nios2-elf-gcc.exe -xc -MP -MMD -c  -I./HAL/inc -I. -I./drivers/inc -pipe -D__hal__ -DALT_NO_INSTRUCTION_EMULATION -DALT_SINGLE_THREADED    -O0 -g -Wall  -mno-hw-div -mno-hw-mul -mno-hw-mulx -mgpopt=global   -o obj/HAL/src/alt_link.o HAL/src/alt_link.c
Compiling alt_load.c...
nios2-elf-gcc.exe -xc -MP -MMD -c  -I./HAL/inc -I. -I./drivers/inc -pipe -D__hal__ -DALT_NO_INSTRUCTION_EMULATION -DALT_SINGLE_THREADED    -O0 -g -Wall  -mno-hw-div -mno-hw-mul -mno-hw-mulx -mgpopt=global   -o obj/HAL/src/alt_load.o HAL/src/alt_load.c
Compiling alt_log_macro.S...
nios2-elf-gcc.exe -MP -MMD -c   -O0 -g -Wall  -mno-hw-div -mno-hw-mul -mno-hw-mulx -mgpopt=global    -I./HAL/inc -I. -I./drivers/inc -pipe -D__hal__ -DALT_NO_INSTRUCTION_EMULATION -DALT_SINGLE_THREADED  -Wa,-gdwarf2  -o obj/HAL/src/alt_log_macro.o HAL/src/alt_log_macro.S
Compiling alt_log_printf.c...
nios2-elf-gcc.exe -xc -MP -MMD -c  -I./HAL/inc -I. -I./drivers/inc -pipe -D__hal__ -DALT_NO_INSTRUCTION_EMULATION -DALT_SINGLE_THREADED    -O0 -g -Wall  -mno-hw-div -mno-hw-mul -mno-hw-mulx -mgpopt=global   -o obj/HAL/src/alt_log_printf.o HAL/src/alt_log_printf.c
Compiling alt_lseek.c...
nios2-elf-gcc.exe -xc -MP -MMD -c  -I./HAL/inc -I. -I./drivers/inc -pipe -D__hal__ -DALT_NO_INSTRUCTION_EMULATION -DALT_SINGLE_THREADED    -O0 -g -Wall  -mno-hw-div -mno-hw-mul -mno-hw-mulx -mgpopt=global   -o obj/HAL/src/alt_lseek.o HAL/src/alt_lseek.c
Compiling alt_main.c...
nios2-elf-gcc.exe -xc -MP -MMD -c  -I./HAL/inc -I. -I./drivers/inc -pipe -D__hal__ -DALT_NO_INSTRUCTION_EMULATION -DALT_SINGLE_THREADED    -O0 -g -Wall  -mno-hw-div -mno-hw-mul -mno-hw-mulx -mgpopt=global   -o obj/HAL/src/alt_main.o HAL/src/alt_main.c
Compiling alt_malloc_lock.c...
nios2-elf-gcc.exe -xc -MP -MMD -c  -I./HAL/inc -I. -I./drivers/inc -pipe -D__hal__ -DALT_NO_INSTRUCTION_EMULATION -DALT_SINGLE_THREADED    -O0 -g -Wall  -mno-hw-div -mno-hw-mul -mno-hw-mulx -mgpopt=global   -o obj/HAL/src/alt_malloc_lock.o HAL/src/alt_malloc_lock.c
Compiling alt_mcount.S...
nios2-elf-gcc.exe -MP -MMD -c   -O0 -g -Wall  -mno-hw-div -mno-hw-mul -mno-hw-mulx -mgpopt=global    -I./HAL/inc -I. -I./drivers/inc -pipe -D__hal__ -DALT_NO_INSTRUCTION_EMULATION -DALT_SINGLE_THREADED  -Wa,-gdwarf2  -o obj/HAL/src/alt_mcount.o HAL/src/alt_mcount.S
Compiling alt_open.c...
nios2-elf-gcc.exe -xc -MP -MMD -c  -I./HAL/inc -I. -I./drivers/inc -pipe -D__hal__ -DALT_NO_INSTRUCTION_EMULATION -DALT_SINGLE_THREADED    -O0 -g -Wall  -mno-hw-div -mno-hw-mul -mno-hw-mulx -mgpopt=global   -o obj/HAL/src/alt_open.o HAL/src/alt_open.c
Compiling alt_printf.c...
nios2-elf-gcc.exe -xc -MP -MMD -c  -I./HAL/inc -I. -I./drivers/inc -pipe -D__hal__ -DALT_NO_INSTRUCTION_EMULATION -DALT_SINGLE_THREADED    -O0 -g -Wall  -mno-hw-div -mno-hw-mul -mno-hw-mulx -mgpopt=global   -o obj/HAL/src/alt_printf.o HAL/src/alt_printf.c
Compiling alt_putchar.c...
nios2-elf-gcc.exe -xc -MP -MMD -c  -I./HAL/inc -I. -I./drivers/inc -pipe -D__hal__ -DALT_NO_INSTRUCTION_EMULATION -DALT_SINGLE_THREADED    -O0 -g -Wall  -mno-hw-div -mno-hw-mul -mno-hw-mulx -mgpopt=global   -o obj/HAL/src/alt_putchar.o HAL/src/alt_putchar.c
Compiling alt_putcharbuf.c...
nios2-elf-gcc.exe -xc -MP -MMD -c  -I./HAL/inc -I. -I./drivers/inc -pipe -D__hal__ -DALT_NO_INSTRUCTION_EMULATION -DALT_SINGLE_THREADED    -O0 -g -Wall  -mno-hw-div -mno-hw-mul -mno-hw-mulx -mgpopt=global   -o obj/HAL/src/alt_putcharbuf.o HAL/src/alt_putcharbuf.c
Compiling alt_putstr.c...
nios2-elf-gcc.exe -xc -MP -MMD -c  -I./HAL/inc -I. -I./drivers/inc -pipe -D__hal__ -DALT_NO_INSTRUCTION_EMULATION -DALT_SINGLE_THREADED    -O0 -g -Wall  -mno-hw-div -mno-hw-mul -mno-hw-mulx -mgpopt=global   -o obj/HAL/src/alt_putstr.o HAL/src/alt_putstr.c
Compiling alt_read.c...
nios2-elf-gcc.exe -xc -MP -MMD -c  -I./HAL/inc -I. -I./drivers/inc -pipe -D__hal__ -DALT_NO_INSTRUCTION_EMULATION -DALT_SINGLE_THREADED    -O0 -g -Wall  -mno-hw-div -mno-hw-mul -mno-hw-mulx -mgpopt=global   -o obj/HAL/src/alt_read.o HAL/src/alt_read.c
Compiling alt_release_fd.c...
nios2-elf-gcc.exe -xc -MP -MMD -c  -I./HAL/inc -I. -I./drivers/inc -pipe -D__hal__ -DALT_NO_INSTRUCTION_EMULATION -DALT_SINGLE_THREADED    -O0 -g -Wall  -mno-hw-div -mno-hw-mul -mno-hw-mulx -mgpopt=global   -o obj/HAL/src/alt_release_fd.o HAL/src/alt_release_fd.c
Compiling alt_remap_cached.c...
nios2-elf-gcc.exe -xc -MP -MMD -c  -I./HAL/inc -I. -I./drivers/inc -pipe -D__hal__ -DALT_NO_INSTRUCTION_EMULATION -DALT_SINGLE_THREADED    -O0 -g -Wall  -mno-hw-div -mno-hw-mul -mno-hw-mulx -mgpopt=global   -o obj/HAL/src/alt_remap_cached.o HAL/src/alt_remap_cached.c
Compiling alt_remap_uncached.c...
nios2-elf-gcc.exe -xc -MP -MMD -c  -I./HAL/inc -I. -I./drivers/inc -pipe -D__hal__ -DALT_NO_INSTRUCTION_EMULATION -DALT_SINGLE_THREADED    -O0 -g -Wall  -mno-hw-div -mno-hw-mul -mno-hw-mulx -mgpopt=global   -o obj/HAL/src/alt_remap_uncached.o HAL/src/alt_remap_uncached.c
Compiling alt_rename.c...
nios2-elf-gcc.exe -xc -MP -MMD -c  -I./HAL/inc -I. -I./drivers/inc -pipe -D__hal__ -DALT_NO_INSTRUCTION_EMULATION -DALT_SINGLE_THREADED    -O0 -g -Wall  -mno-hw-div -mno-hw-mul -mno-hw-mulx -mgpopt=global   -o obj/HAL/src/alt_rename.o HAL/src/alt_rename.c
Compiling alt_sbrk.c...
nios2-elf-gcc.exe -xc -MP -MMD -c  -I./HAL/inc -I. -I./drivers/inc -pipe -D__hal__ -DALT_NO_INSTRUCTION_EMULATION -DALT_SINGLE_THREADED    -O0 -g -Wall  -mno-hw-div -mno-hw-mul -mno-hw-mulx -mgpopt=global   -o obj/HAL/src/alt_sbrk.o HAL/src/alt_sbrk.c
Compiling alt_settod.c...
nios2-elf-gcc.exe -xc -MP -MMD -c  -I./HAL/inc -I. -I./drivers/inc -pipe -D__hal__ -DALT_NO_INSTRUCTION_EMULATION -DALT_SINGLE_THREADED    -O0 -g -Wall  -mno-hw-div -mno-hw-mul -mno-hw-mulx -mgpopt=global   -o obj/HAL/src/alt_settod.o HAL/src/alt_settod.c
Compiling alt_software_exception.S...
nios2-elf-gcc.exe -MP -MMD -c   -O0 -g -Wall  -mno-hw-div -mno-hw-mul -mno-hw-mulx -mgpopt=global    -I./HAL/inc -I. -I./drivers/inc -pipe -D__hal__ -DALT_NO_INSTRUCTION_EMULATION -DALT_SINGLE_THREADED  -Wa,-gdwarf2  -o obj/HAL/src/alt_software_exception.o HAL/src/alt_software_exception.S
Compiling alt_stat.c...
nios2-elf-gcc.exe -xc -MP -MMD -c  -I./HAL/inc -I. -I./drivers/inc -pipe -D__hal__ -DALT_NO_INSTRUCTION_EMULATION -DALT_SINGLE_THREADED    -O0 -g -Wall  -mno-hw-div -mno-hw-mul -mno-hw-mulx -mgpopt=global   -o obj/HAL/src/alt_stat.o HAL/src/alt_stat.c
Compiling alt_tick.c...
nios2-elf-gcc.exe -xc -MP -MMD -c  -I./HAL/inc -I. -I./drivers/inc -pipe -D__hal__ -DALT_NO_INSTRUCTION_EMULATION -DALT_SINGLE_THREADED    -O0 -g -Wall  -mno-hw-div -mno-hw-mul -mno-hw-mulx -mgpopt=global   -o obj/HAL/src/alt_tick.o HAL/src/alt_tick.c
Compiling alt_times.c...
nios2-elf-gcc.exe -xc -MP -MMD -c  -I./HAL/inc -I. -I./drivers/inc -pipe -D__hal__ -DALT_NO_INSTRUCTION_EMULATION -DALT_SINGLE_THREADED    -O0 -g -Wall  -mno-hw-div -mno-hw-mul -mno-hw-mulx -mgpopt=global   -o obj/HAL/src/alt_times.o HAL/src/alt_times.c
Compiling alt_uncached_free.c...
nios2-elf-gcc.exe -xc -MP -MMD -c  -I./HAL/inc -I. -I./drivers/inc -pipe -D__hal__ -DALT_NO_INSTRUCTION_EMULATION -DALT_SINGLE_THREADED    -O0 -g -Wall  -mno-hw-div -mno-hw-mul -mno-hw-mulx -mgpopt=global   -o obj/HAL/src/alt_uncached_free.o HAL/src/alt_uncached_free.c
Compiling alt_uncached_malloc.c...
nios2-elf-gcc.exe -xc -MP -MMD -c  -I./HAL/inc -I. -I./drivers/inc -pipe -D__hal__ -DALT_NO_INSTRUCTION_EMULATION -DALT_SINGLE_THREADED    -O0 -g -Wall  -mno-hw-div -mno-hw-mul -mno-hw-mulx -mgpopt=global   -o obj/HAL/src/alt_uncached_malloc.o HAL/src/alt_uncached_malloc.c
Compiling alt_unlink.c...
nios2-elf-gcc.exe -xc -MP -MMD -c  -I./HAL/inc -I. -I./drivers/inc -pipe -D__hal__ -DALT_NO_INSTRUCTION_EMULATION -DALT_SINGLE_THREADED    -O0 -g -Wall  -mno-hw-div -mno-hw-mul -mno-hw-mulx -mgpopt=global   -o obj/HAL/src/alt_unlink.o HAL/src/alt_unlink.c
Compiling alt_usleep.c...
nios2-elf-gcc.exe -xc -MP -MMD -c  -I./HAL/inc -I. -I./drivers/inc -pipe -D__hal__ -DALT_NO_INSTRUCTION_EMULATION -DALT_SINGLE_THREADED    -O0 -g -Wall  -mno-hw-div -mno-hw-mul -mno-hw-mulx -mgpopt=global   -o obj/HAL/src/alt_usleep.o HAL/src/alt_usleep.c
Compiling alt_wait.c...
nios2-elf-gcc.exe -xc -MP -MMD -c  -I./HAL/inc -I. -I./drivers/inc -pipe -D__hal__ -DALT_NO_INSTRUCTION_EMULATION -DALT_SINGLE_THREADED    -O0 -g -Wall  -mno-hw-div -mno-hw-mul -mno-hw-mulx -mgpopt=global   -o obj/HAL/src/alt_wait.o HAL/src/alt_wait.c
Compiling alt_write.c...
nios2-elf-gcc.exe -xc -MP -MMD -c  -I./HAL/inc -I. -I./drivers/inc -pipe -D__hal__ -DALT_NO_INSTRUCTION_EMULATION -DALT_SINGLE_THREADED    -O0 -g -Wall  -mno-hw-div -mno-hw-mul -mno-hw-mulx -mgpopt=global   -o obj/HAL/src/alt_write.o HAL/src/alt_write.c
Compiling altera_nios2_gen2_irq.c...
nios2-elf-gcc.exe -xc -MP -MMD -c  -I./HAL/inc -I. -I./drivers/inc -pipe -D__hal__ -DALT_NO_INSTRUCTION_EMULATION -DALT_SINGLE_THREADED    -O0 -g -Wall  -mno-hw-div -mno-hw-mul -mno-hw-mulx -mgpopt=global   -o obj/HAL/src/altera_nios2_gen2_irq.o HAL/src/altera_nios2_gen2_irq.c
Compiling crt0.S...
nios2-elf-gcc.exe -MP -MMD -c   -O0 -g -Wall  -mno-hw-div -mno-hw-mul -mno-hw-mulx -mgpopt=global    -I./HAL/inc -I. -I./drivers/inc -pipe -D__hal__ -DALT_NO_INSTRUCTION_EMULATION -DALT_SINGLE_THREADED  -Wa,-gdwarf2  -o obj/HAL/src/crt0.o HAL/src/crt0.S
Compiling alt_sys_init.c...
nios2-elf-gcc.exe -xc -MP -MMD -c  -I./HAL/inc -I. -I./drivers/inc -pipe -D__hal__ -DALT_NO_INSTRUCTION_EMULATION -DALT_SINGLE_THREADED    -O0 -g -Wall  -mno-hw-div -mno-hw-mul -mno-hw-mulx -mgpopt=global   -o obj/alt_sys_init.o alt_sys_init.c
Compiling altera_avalon_jtag_uart_fd.c...
nios2-elf-gcc.exe -xc -MP -MMD -c  -I./HAL/inc -I. -I./drivers/inc -pipe -D__hal__ -DALT_NO_INSTRUCTION_EMULATION -DALT_SINGLE_THREADED    -O0 -g -Wall  -mno-hw-div -mno-hw-mul -mno-hw-mulx -mgpopt=global   -o obj/drivers/src/altera_avalon_jtag_uart_fd.o drivers/src/altera_avalon_jtag_uart_fd.c
Compiling altera_avalon_jtag_uart_init.c...
nios2-elf-gcc.exe -xc -MP -MMD -c  -I./HAL/inc -I. -I./drivers/inc -pipe -D__hal__ -DALT_NO_INSTRUCTION_EMULATION -DALT_SINGLE_THREADED    -O0 -g -Wall  -mno-hw-div -mno-hw-mul -mno-hw-mulx -mgpopt=global   -o obj/drivers/src/altera_avalon_jtag_uart_init.o drivers/src/altera_avalon_jtag_uart_init.c
Compiling altera_avalon_jtag_uart_ioctl.c...
nios2-elf-gcc.exe -xc -MP -MMD -c  -I./HAL/inc -I. -I./drivers/inc -pipe -D__hal__ -DALT_NO_INSTRUCTION_EMULATION -DALT_SINGLE_THREADED    -O0 -g -Wall  -mno-hw-div -mno-hw-mul -mno-hw-mulx -mgpopt=global   -o obj/drivers/src/altera_avalon_jtag_uart_ioctl.o drivers/src/altera_avalon_jtag_uart_ioctl.c
Compiling altera_avalon_jtag_uart_read.c...
nios2-elf-gcc.exe -xc -MP -MMD -c  -I./HAL/inc -I. -I./drivers/inc -pipe -D__hal__ -DALT_NO_INSTRUCTION_EMULATION -DALT_SINGLE_THREADED    -O0 -g -Wall  -mno-hw-div -mno-hw-mul -mno-hw-mulx -mgpopt=global   -o obj/drivers/src/altera_avalon_jtag_uart_read.o drivers/src/altera_avalon_jtag_uart_read.c
Compiling altera_avalon_jtag_uart_write.c...
nios2-elf-gcc.exe -xc -MP -MMD -c  -I./HAL/inc -I. -I./drivers/inc -pipe -D__hal__ -DALT_NO_INSTRUCTION_EMULATION -DALT_SINGLE_THREADED    -O0 -g -Wall  -mno-hw-div -mno-hw-mul -mno-hw-mulx -mgpopt=global   -o obj/drivers/src/altera_avalon_jtag_uart_write.o drivers/src/altera_avalon_jtag_uart_write.c
Compiling altera_avalon_sysid_qsys.c...
nios2-elf-gcc.exe -xc -MP -MMD -c  -I./HAL/inc -I. -I./drivers/inc -pipe -D__hal__ -DALT_NO_INSTRUCTION_EMULATION -DALT_SINGLE_THREADED    -O0 -g -Wall  -mno-hw-div -mno-hw-mul -mno-hw-mulx -mgpopt=global   -o obj/drivers/src/altera_avalon_sysid_qsys.o drivers/src/altera_avalon_sysid_qsys.c
Compiling altera_avalon_timer_sc.c...
nios2-elf-gcc.exe -xc -MP -MMD -c  -I./HAL/inc -I. -I./drivers/inc -pipe -D__hal__ -DALT_NO_INSTRUCTION_EMULATION -DALT_SINGLE_THREADED    -O0 -g -Wall  -mno-hw-div -mno-hw-mul -mno-hw-mulx -mgpopt=global   -o obj/drivers/src/altera_avalon_timer_sc.o drivers/src/altera_avalon_timer_sc.c
Compiling altera_avalon_timer_ts.c...
nios2-elf-gcc.exe -xc -MP -MMD -c  -I./HAL/inc -I. -I./drivers/inc -pipe -D__hal__ -DALT_NO_INSTRUCTION_EMULATION -DALT_SINGLE_THREADED    -O0 -g -Wall  -mno-hw-div -mno-hw-mul -mno-hw-mulx -mgpopt=global   -o obj/drivers/src/altera_avalon_timer_ts.o drivers/src/altera_avalon_timer_ts.c
Compiling altera_avalon_timer_vars.c...
nios2-elf-gcc.exe -xc -MP -MMD -c  -I./HAL/inc -I. -I./drivers/inc -pipe -D__hal__ -DALT_NO_INSTRUCTION_EMULATION -DALT_SINGLE_THREADED    -O0 -g -Wall  -mno-hw-div -mno-hw-mul -mno-hw-mulx -mgpopt=global   -o obj/drivers/src/altera_avalon_timer_vars.o drivers/src/altera_avalon_timer_vars.c
Creating libhal_bsp.a...
rm -f -f libhal_bsp.a
nios2-elf-ar.exe -src libhal_bsp.a obj/HAL/src/alt_alarm_start.o obj/HAL/src/alt_busy_sleep.o obj/HAL/src/alt_close.o obj/HAL/src/alt_dcache_flush.o obj/HAL/src/alt_dcache_flush_all.o obj/HAL/src/alt_dcache_flush_no_writeback.o obj/HAL/src/alt_dev.o obj/HAL/src/alt_dev_llist_insert.o obj/HAL/src/alt_dma_rxchan_open.o obj/HAL/src/alt_dma_txchan_open.o obj/HAL/src/alt_do_ctors.o obj/HAL/src/alt_do_dtors.o obj/HAL/src/alt_ecc_fatal_entry.o obj/HAL/src/alt_ecc_fatal_exception.o obj/HAL/src/alt_env_lock.o obj/HAL/src/alt_environ.o obj/HAL/src/alt_errno.o obj/HAL/src/alt_exception_entry.o obj/HAL/src/alt_exception_muldiv.o obj/HAL/src/alt_exception_trap.o obj/HAL/src/alt_execve.o obj/HAL/src/alt_exit.o obj/HAL/src/alt_fcntl.o obj/HAL/src/alt_fd_lock.o obj/HAL/src/alt_fd_unlock.o obj/HAL/src/alt_find_dev.o obj/HAL/src/alt_find_file.o obj/HAL/src/alt_flash_dev.o obj/HAL/src/alt_fork.o obj/HAL/src/alt_fs_reg.o obj/HAL/src/alt_fstat.o obj/HAL/src/alt_get_fd.o obj/HAL/src/alt_getchar.o obj/HAL/src/alt_getpid.o obj/HAL/src/alt_gettod.o obj/HAL/src/alt_gmon.o obj/HAL/src/alt_icache_flush.o obj/HAL/src/alt_icache_flush_all.o obj/HAL/src/alt_iic.o obj/HAL/src/alt_iic_isr_register.o obj/HAL/src/alt_instruction_exception_entry.o obj/HAL/src/alt_instruction_exception_register.o obj/HAL/src/alt_io_redirect.o obj/HAL/src/alt_ioctl.o obj/HAL/src/alt_irq_entry.o obj/HAL/src/alt_irq_handler.o obj/HAL/src/alt_irq_register.o obj/HAL/src/alt_irq_vars.o obj/HAL/src/alt_isatty.o obj/HAL/src/alt_kill.o obj/HAL/src/alt_link.o obj/HAL/src/alt_load.o obj/HAL/src/alt_log_macro.o obj/HAL/src/alt_log_printf.o obj/HAL/src/alt_lseek.o obj/HAL/src/alt_main.o obj/HAL/src/alt_malloc_lock.o obj/HAL/src/alt_mcount.o obj/HAL/src/alt_open.o obj/HAL/src/alt_printf.o obj/HAL/src/alt_putchar.o obj/HAL/src/alt_putcharbuf.o obj/HAL/src/alt_putstr.o obj/HAL/src/alt_read.o obj/HAL/src/alt_release_fd.o obj/HAL/src/alt_remap_cached.o obj/HAL/src/alt_remap_uncached.o obj/HAL/src/alt_rename.o obj/HAL/src/alt_sbrk.o obj/HAL/src/alt_settod.o obj/HAL/src/alt_software_exception.o obj/HAL/src/alt_stat.o obj/HAL/src/alt_tick.o obj/HAL/src/alt_times.o obj/HAL/src/alt_uncached_free.o obj/HAL/src/alt_uncached_malloc.o obj/HAL/src/alt_unlink.o obj/HAL/src/alt_usleep.o obj/HAL/src/alt_wait.o obj/HAL/src/alt_write.o obj/HAL/src/altera_nios2_gen2_irq.o obj/HAL/src/crt0.o obj/alt_sys_init.o obj/drivers/src/altera_avalon_jtag_uart_fd.o obj/drivers/src/altera_avalon_jtag_uart_init.o obj/drivers/src/altera_avalon_jtag_uart_ioctl.o obj/drivers/src/altera_avalon_jtag_uart_read.o obj/drivers/src/altera_avalon_jtag_uart_write.o obj/drivers/src/altera_avalon_sysid_qsys.o obj/drivers/src/altera_avalon_timer_sc.o obj/drivers/src/altera_avalon_timer_ts.o obj/drivers/src/altera_avalon_timer_vars.o
[BSP build complete]
Info: Compiling AUDIO.c to obj/default/AUDIO.o
nios2-elf-gcc.exe -xc -MP -MMD -c -Ic:/repos/fpga_dsp/audio_sdram/software/audio_feed_7_bsp//HAL/inc -Ic:/repos/fpga_dsp/audio_sdram/software/audio_feed_7_bsp/ -Ic:/repos/fpga_dsp/audio_sdram/software/audio_feed_7_bsp//drivers/inc  -pipe -D__hal__ -DALT_NO_INSTRUCTION_EMULATION -DALT_SINGLE_THREADED    -O0 -g -Wall   -mno-hw-div -mno-hw-mul -mno-hw-mulx -mgpopt=global  -o obj/default/AUDIO.o AUDIO.c
Info: Compiling I2C.c to obj/default/I2C.o
nios2-elf-gcc.exe -xc -MP -MMD -c -Ic:/repos/fpga_dsp/audio_sdram/software/audio_feed_7_bsp//HAL/inc -Ic:/repos/fpga_dsp/audio_sdram/software/audio_feed_7_bsp/ -Ic:/repos/fpga_dsp/audio_sdram/software/audio_feed_7_bsp//drivers/inc  -pipe -D__hal__ -DALT_NO_INSTRUCTION_EMULATION -DALT_SINGLE_THREADED    -O0 -g -Wall   -mno-hw-div -mno-hw-mul -mno-hw-mulx -mgpopt=global  -o obj/default/I2C.o I2C.c
Info: Compiling LED.c to obj/default/LED.o
nios2-elf-gcc.exe -xc -MP -MMD -c -Ic:/repos/fpga_dsp/audio_sdram/software/audio_feed_7_bsp//HAL/inc -Ic:/repos/fpga_dsp/audio_sdram/software/audio_feed_7_bsp/ -Ic:/repos/fpga_dsp/audio_sdram/software/audio_feed_7_bsp//drivers/inc  -pipe -D__hal__ -DALT_NO_INSTRUCTION_EMULATION -DALT_SINGLE_THREADED    -O0 -g -Wall   -mno-hw-div -mno-hw-mul -mno-hw-mulx -mgpopt=global  -o obj/default/LED.o LED.c
Info: Compiling SEG7.c to obj/default/SEG7.o
nios2-elf-gcc.exe -xc -MP -MMD -c -Ic:/repos/fpga_dsp/audio_sdram/software/audio_feed_7_bsp//HAL/inc -Ic:/repos/fpga_dsp/audio_sdram/software/audio_feed_7_bsp/ -Ic:/repos/fpga_dsp/audio_sdram/software/audio_feed_7_bsp//drivers/inc  -pipe -D__hal__ -DALT_NO_INSTRUCTION_EMULATION -DALT_SINGLE_THREADED    -O0 -g -Wall   -mno-hw-div -mno-hw-mul -mno-hw-mulx -mgpopt=global  -o obj/default/SEG7.o SEG7.c
Info: Compiling debug.c to obj/default/debug.o
nios2-elf-gcc.exe -xc -MP -MMD -c -Ic:/repos/fpga_dsp/audio_sdram/software/audio_feed_7_bsp//HAL/inc -Ic:/repos/fpga_dsp/audio_sdram/software/audio_feed_7_bsp/ -Ic:/repos/fpga_dsp/audio_sdram/software/audio_feed_7_bsp//drivers/inc  -pipe -D__hal__ -DALT_NO_INSTRUCTION_EMULATION -DALT_SINGLE_THREADED    -O0 -g -Wall   -mno-hw-div -mno-hw-mul -mno-hw-mulx -mgpopt=global  -o obj/default/debug.o debug.c
debug.c: In function 'myprintf_hex_array':
debug.c:72:17: warning: pointer targets in passing argument 1 of 'sprintf' differ in signedness [-Wpointer-sign]
   72 |         sprintf(szText, "[%02X]", *(pHex+i));
      |                 ^~~~~~
      |                 |
      |                 unsigned char *
In file included from debug.c:32:
c:\intelfpga_lite\20.1\nios2eds\bin\gnu\h-x86_64-mingw32\nios2-elf\include\stdio.h:244:14: note: expected 'char * restrict' but argument is of type 'unsigned char *'
  244 | int sprintf (char *__restrict, const char *__restrict, ...)
Info: Compiling main.c to obj/default/main.o
      |              ^
In file included from my_includes.h:53,
                 from debug.c:34:
debug.c:73:16: warning: pointer targets in passing argument 1 of 'myprintf' differ in signedness [-Wpointer-sign]
   73 |         DEBUG((szText));
      |                ^~~~~~
      |                |
      |                unsigned char *
debug.h:47:42: note: in definition of macro 'DEBUG'
   47 | #define DEBUG(x)               {myprintf x;}  // standard in/out, specifed in project (it could be uart, jtag, or lcd)
      |                                          ^
nios2-elf-gcc.exe -xc -MP -MMD -c -Ic:/repos/fpga_dsp/audio_sdram/software/audio_feed_7_bsp//HAL/inc -Ic:/repos/fpga_dsp/audio_sdram/software/audio_feed_7_bsp/ -Ic:/repos/fpga_dsp/audio_sdram/software/audio_feed_7_bsp//drivers/inc  -pipe -D__hal__ -DALT_NO_INSTRUCTION_EMULATION -DALT_SINGLE_THREADED    -O0 -g -Wall   -mno-hw-div -mno-hw-mul -mno-hw-mulx -mgpopt=global  -o obj/default/main.o main.c
debug.c:53:20: note: expected 'char *' but argument is of type 'unsigned char *'
   53 | int myprintf(char *format, ...){
      |              ~~~~~~^~~~~~
main.c: In function 'record_to_play':
main.c:452:8: warning: suggest parentheses around comparison in operand of '==' [-Wparentheses]
  452 |   if(w < WORDS == FALSE){
      |        ^
main.c:445:11: warning: unused variable 'R_out' [-Wunused-variable]
  445 |   int16_t R_out = (int16_t)(word_out & 0xFFFF);
      |           ^~~~~
main.c: In function 'main':
main.c:574:12: warning: unused variable 'w_x' [-Wunused-variable]
  574 |  const int w_x    = 8192;   // ≈0.25
      |            ^~~
main.c:573:12: warning: unused variable 'w_main' [-Wunused-variable]
  573 |  const int w_main = 26214;  // ≈0.8
      |            ^~~~~~
main.c:571:11: warning: unused variable 'offset' [-Wunused-variable]
  571 |  uint32_t offset = 0;
      |           ^~~~~~
main.c:569:19: warning: unused variable 'value_r' [-Wunused-variable]
  569 |  alt_u16 value_l, value_r;
      |                   ^~~~~~~
main.c:569:10: warning: unused variable 'value_l' [-Wunused-variable]
  569 |  alt_u16 value_l, value_r;
      |          ^~~~~~~
main.c:568:10: warning: unused variable 'data' [-Wunused-variable]
  568 |  alt_u32 data;
      |          ^~~~
main.c:567:20: warning: unused variable 'ch_left' [-Wunused-variable]
  567 |  alt_u16 ch_right, ch_left;
      |                    ^~~~~~~
main.c:567:10: warning: unused variable 'ch_right' [-Wunused-variable]
  567 |  alt_u16 ch_right, ch_left;
      |          ^~~~~~~~
At top level:
main.c:429:13: warning: 'record_to_play' defined but not used [-Wunused-function]
  429 | static void record_to_play(void){
      |             ^~~~~~~~~~~~~~
main.c:414:13: warning: 'play_from_sdram' defined but not used [-Wunused-function]
  414 | static void play_from_sdram(uint32_t words){
      |             ^~~~~~~~~~~~~~~
main.c:401:17: warning: 'record_to_sdram' defined but not used [-Wunused-function]
  401 | static uint32_t record_to_sdram(void){
      |                 ^~~~~~~~~~~~~~~
main.c:381:79: warning: 'tick_6' defined but not used [-Wunused-variable]
  381 | static uint32_t lw=0, rw=0, tick=0, tick_2=0, tick_3=0, tick_4 = 0, tick_5=0, tick_6=0;
      |                                                                               ^~~~~~
main.c:381:69: warning: 'tick_5' defined but not used [-Wunused-variable]
  381 | static uint32_t lw=0, rw=0, tick=0, tick_2=0, tick_3=0, tick_4 = 0, tick_5=0, tick_6=0;
      |                                                                     ^~~~~~
main.c:381:47: warning: 'tick_3' defined but not used [-Wunused-variable]
  381 | static uint32_t lw=0, rw=0, tick=0, tick_2=0, tick_3=0, tick_4 = 0, tick_5=0, tick_6=0;
      |                                               ^~~~~~
main.c:381:29: warning: 'tick' defined but not used [-Wunused-variable]
  381 | static uint32_t lw=0, rw=0, tick=0, tick_2=0, tick_3=0, tick_4 = 0, tick_5=0, tick_6=0;
      |                             ^~~~
main.c:381:23: warning: 'rw' defined but not used [-Wunused-variable]
  381 | static uint32_t lw=0, rw=0, tick=0, tick_2=0, tick_3=0, tick_4 = 0, tick_5=0, tick_6=0;
      |                       ^~
main.c:381:17: warning: 'lw' defined but not used [-Wunused-variable]
  381 | static uint32_t lw=0, rw=0, tick=0, tick_2=0, tick_3=0, tick_4 = 0, tick_5=0, tick_6=0;
      |                 ^~
Info: Compiling overdrive.c to obj/default/overdrive.o
nios2-elf-gcc.exe -xc -MP -MMD -c -Ic:/repos/fpga_dsp/audio_sdram/software/audio_feed_7_bsp//HAL/inc -Ic:/repos/fpga_dsp/audio_sdram/software/audio_feed_7_bsp/ -Ic:/repos/fpga_dsp/audio_sdram/software/audio_feed_7_bsp//drivers/inc  -pipe -D__hal__ -DALT_NO_INSTRUCTION_EMULATION -DALT_SINGLE_THREADED    -O0 -g -Wall   -mno-hw-div -mno-hw-mul -mno-hw-mulx -mgpopt=global  -o obj/default/overdrive.o overdrive.c
overdrive.c: In function 'od_set_mix_f':
overdrive.c:91:5: warning: this 'if' clause does not guard... [-Wmisleading-indentation]
   91 |     if (m < 0.0f) m = 0.0f; if (m > 1.0f) m = 1.0f;
      |     ^~
overdrive.c:91:29: note: ...this statement, but the latter is misleadingly indented as if it were guarded by the 'if'
   91 |     if (m < 0.0f) m = 0.0f; if (m > 1.0f) m = 1.0f;
      |                             ^~
overdrive.c: In function 'od_process_sample':
overdrive.c:115:13: warning: unused variable 'wet' [-Wunused-variable]
  115 |     int32_t wet  = q15_mul(y,           od->mix_q15);           // Q1.15
      |             ^~~
Info: Linking audio_feed_7.elf
nios2-elf-g++.exe  -T'c:/repos/fpga_dsp/audio_sdram/software/audio_feed_7_bsp//linker.x' -msys-crt0='c:/repos/fpga_dsp/audio_sdram/software/audio_feed_7_bsp//obj/HAL/src/crt0.o' -msys-lib=hal_bsp -Lc:/repos/fpga_dsp/audio_sdram/software/audio_feed_7_bsp/   -Wl,-Map=audio_feed_7.map   -O0 -g -Wall   -mno-hw-div -mno-hw-mul -mno-hw-mulx -mgpopt=global  -o audio_feed_7.elf obj/default/AUDIO.o obj/default/I2C.o obj/default/LED.o obj/default/SEG7.o obj/default/debug.o obj/default/main.o obj/default/overdrive.o -lm -msys-lib=m
nios2-elf-insert.exe audio_feed_7.elf --thread_model hal --cpu_name nios2_gen2_0 --qsys true --simulation_enabled false --id 0 --sidp 0x5101048 --timestamp 1756386196 --stderr_dev jtag_uart --stdin_dev jtag_uart --stdout_dev jtag_uart --sopc_system_name audio_feed --quartus_project_dir "c:/repos/fpga_dsp/audio_sdram" --jdi ../..//output_files/audio_feed.jdi
Info: (audio_feed_7.elf) 112 KBytes program size (code + initialized data).
Info:                    65523 KBytes free for stack + heap.
Info: Creating audio_feed_7.objdump
nios2-elf-objdump.exe --disassemble --syms --all-header --source audio_feed_7.elf >audio_feed_7.objdump
[audio_feed_7 build complete]
22:08:58 **** Build of configuration Nios II for project audio_feed_7_bsp ****
wsl make all 
[BSP build complete]
22:08:59 **** Incremental Build of configuration Nios II for project audio_feed_bsp ****
wsl make all 
Makefile not up to date.
/mnt/c/repos/fpga_pedal/audio_sdram/audio_feed.sopcinfo has been modified since the BSP was generated.

Generate the BSP to update the Makefile, and then build again.

To generate from Eclipse:
 1. Right-click the BSP project.
 2. In the Nios II Menu, click Generate BSP.

To generate from the command line:
 nios2-bsp-generate-files --settings=<settings file> --bsp-dir=<target bsp files directory>

Makefile:555: recipe for target 'public.mk' failed
make: *** [public.mk] Error 1
22:09:13 **** Build of configuration Nios II for project audio_feed_7 ****
wsl make all 
Info: Building /mnt/c/repos/fpga_dsp/audio_sdram/software/audio_feed_7_bsp/
make --no-print-directory -C /mnt/c/repos/fpga_dsp/audio_sdram/software/audio_feed_7_bsp/
[BSP build complete]
[audio_feed_7 build complete]
22:09:14 **** Incremental Build of configuration Nios II for project audio_feed_7 ****
wsl make all 
Info: Building /mnt/c/repos/fpga_dsp/audio_sdram/software/audio_feed_7_bsp/
make --no-print-directory -C /mnt/c/repos/fpga_dsp/audio_sdram/software/audio_feed_7_bsp/
[BSP build complete]
[audio_feed_7 build complete]
22:18:47 **** Clean-only build of configuration Nios II for project audio_feed_7 ****
wsl make clean 
[audio_feed_7 clean complete]
22:18:50 **** Clean-only build of configuration Nios II for project audio_feed_7_bsp ****
wsl make clean 
[BSP clean complete]
22:18:50 **** Build of configuration Nios II for project audio_feed_7 ****
wsl make all 
Info: Building /mnt/c/repos/fpga_dsp/audio_sdram/software/audio_feed_7_bsp/
make --no-print-directory -C /mnt/c/repos/fpga_dsp/audio_sdram/software/audio_feed_7_bsp/
Compiling alt_alarm_start.c...
nios2-elf-gcc.exe -xc -MP -MMD -c  -I./HAL/inc -I. -I./drivers/inc -pipe -D__hal__ -DALT_NO_INSTRUCTION_EMULATION -DALT_SINGLE_THREADED    -O0 -g -Wall  -mno-hw-div -mno-hw-mul -mno-hw-mulx -mgpopt=global   -o obj/HAL/src/alt_alarm_start.o HAL/src/alt_alarm_start.c
Compiling alt_busy_sleep.c...
nios2-elf-gcc.exe -xc -MP -MMD -c  -I./HAL/inc -I. -I./drivers/inc -pipe -D__hal__ -DALT_NO_INSTRUCTION_EMULATION -DALT_SINGLE_THREADED    -O0 -g -Wall  -mno-hw-div -mno-hw-mul -mno-hw-mulx -mgpopt=global   -o obj/HAL/src/alt_busy_sleep.o HAL/src/alt_busy_sleep.c
Compiling alt_close.c...
nios2-elf-gcc.exe -xc -MP -MMD -c  -I./HAL/inc -I. -I./drivers/inc -pipe -D__hal__ -DALT_NO_INSTRUCTION_EMULATION -DALT_SINGLE_THREADED    -O0 -g -Wall  -mno-hw-div -mno-hw-mul -mno-hw-mulx -mgpopt=global   -o obj/HAL/src/alt_close.o HAL/src/alt_close.c
Compiling alt_dcache_flush.c...
nios2-elf-gcc.exe -xc -MP -MMD -c  -I./HAL/inc -I. -I./drivers/inc -pipe -D__hal__ -DALT_NO_INSTRUCTION_EMULATION -DALT_SINGLE_THREADED    -O0 -g -Wall  -mno-hw-div -mno-hw-mul -mno-hw-mulx -mgpopt=global   -o obj/HAL/src/alt_dcache_flush.o HAL/src/alt_dcache_flush.c
Compiling alt_dcache_flush_all.c...
nios2-elf-gcc.exe -xc -MP -MMD -c  -I./HAL/inc -I. -I./drivers/inc -pipe -D__hal__ -DALT_NO_INSTRUCTION_EMULATION -DALT_SINGLE_THREADED    -O0 -g -Wall  -mno-hw-div -mno-hw-mul -mno-hw-mulx -mgpopt=global   -o obj/HAL/src/alt_dcache_flush_all.o HAL/src/alt_dcache_flush_all.c
Compiling alt_dcache_flush_no_writeback.c...
nios2-elf-gcc.exe -xc -MP -MMD -c  -I./HAL/inc -I. -I./drivers/inc -pipe -D__hal__ -DALT_NO_INSTRUCTION_EMULATION -DALT_SINGLE_THREADED    -O0 -g -Wall  -mno-hw-div -mno-hw-mul -mno-hw-mulx -mgpopt=global   -o obj/HAL/src/alt_dcache_flush_no_writeback.o HAL/src/alt_dcache_flush_no_writeback.c
Compiling alt_dev.c...
nios2-elf-gcc.exe -xc -MP -MMD -c  -I./HAL/inc -I. -I./drivers/inc -pipe -D__hal__ -DALT_NO_INSTRUCTION_EMULATION -DALT_SINGLE_THREADED    -O0 -g -Wall  -mno-hw-div -mno-hw-mul -mno-hw-mulx -mgpopt=global   -o obj/HAL/src/alt_dev.o HAL/src/alt_dev.c
Compiling alt_dev_llist_insert.c...
nios2-elf-gcc.exe -xc -MP -MMD -c  -I./HAL/inc -I. -I./drivers/inc -pipe -D__hal__ -DALT_NO_INSTRUCTION_EMULATION -DALT_SINGLE_THREADED    -O0 -g -Wall  -mno-hw-div -mno-hw-mul -mno-hw-mulx -mgpopt=global   -o obj/HAL/src/alt_dev_llist_insert.o HAL/src/alt_dev_llist_insert.c
Compiling alt_dma_rxchan_open.c...
nios2-elf-gcc.exe -xc -MP -MMD -c  -I./HAL/inc -I. -I./drivers/inc -pipe -D__hal__ -DALT_NO_INSTRUCTION_EMULATION -DALT_SINGLE_THREADED    -O0 -g -Wall  -mno-hw-div -mno-hw-mul -mno-hw-mulx -mgpopt=global   -o obj/HAL/src/alt_dma_rxchan_open.o HAL/src/alt_dma_rxchan_open.c
Compiling alt_dma_txchan_open.c...
nios2-elf-gcc.exe -xc -MP -MMD -c  -I./HAL/inc -I. -I./drivers/inc -pipe -D__hal__ -DALT_NO_INSTRUCTION_EMULATION -DALT_SINGLE_THREADED    -O0 -g -Wall  -mno-hw-div -mno-hw-mul -mno-hw-mulx -mgpopt=global   -o obj/HAL/src/alt_dma_txchan_open.o HAL/src/alt_dma_txchan_open.c
Compiling alt_do_ctors.c...
nios2-elf-gcc.exe -xc -MP -MMD -c  -I./HAL/inc -I. -I./drivers/inc -pipe -D__hal__ -DALT_NO_INSTRUCTION_EMULATION -DALT_SINGLE_THREADED    -O0 -g -Wall  -mno-hw-div -mno-hw-mul -mno-hw-mulx -mgpopt=global   -o obj/HAL/src/alt_do_ctors.o HAL/src/alt_do_ctors.c
Compiling alt_do_dtors.c...
nios2-elf-gcc.exe -xc -MP -MMD -c  -I./HAL/inc -I. -I./drivers/inc -pipe -D__hal__ -DALT_NO_INSTRUCTION_EMULATION -DALT_SINGLE_THREADED    -O0 -g -Wall  -mno-hw-div -mno-hw-mul -mno-hw-mulx -mgpopt=global   -o obj/HAL/src/alt_do_dtors.o HAL/src/alt_do_dtors.c
Compiling alt_ecc_fatal_entry.S...
nios2-elf-gcc.exe -MP -MMD -c   -O0 -g -Wall  -mno-hw-div -mno-hw-mul -mno-hw-mulx -mgpopt=global    -I./HAL/inc -I. -I./drivers/inc -pipe -D__hal__ -DALT_NO_INSTRUCTION_EMULATION -DALT_SINGLE_THREADED  -Wa,-gdwarf2  -o obj/HAL/src/alt_ecc_fatal_entry.o HAL/src/alt_ecc_fatal_entry.S
Compiling alt_ecc_fatal_exception.c...
nios2-elf-gcc.exe -xc -MP -MMD -c  -I./HAL/inc -I. -I./drivers/inc -pipe -D__hal__ -DALT_NO_INSTRUCTION_EMULATION -DALT_SINGLE_THREADED    -O0 -g -Wall  -mno-hw-div -mno-hw-mul -mno-hw-mulx -mgpopt=global   -o obj/HAL/src/alt_ecc_fatal_exception.o HAL/src/alt_ecc_fatal_exception.c
Compiling alt_env_lock.c...
nios2-elf-gcc.exe -xc -MP -MMD -c  -I./HAL/inc -I. -I./drivers/inc -pipe -D__hal__ -DALT_NO_INSTRUCTION_EMULATION -DALT_SINGLE_THREADED    -O0 -g -Wall  -mno-hw-div -mno-hw-mul -mno-hw-mulx -mgpopt=global   -o obj/HAL/src/alt_env_lock.o HAL/src/alt_env_lock.c
Compiling alt_environ.c...
nios2-elf-gcc.exe -xc -MP -MMD -c  -I./HAL/inc -I. -I./drivers/inc -pipe -D__hal__ -DALT_NO_INSTRUCTION_EMULATION -DALT_SINGLE_THREADED    -O0 -g -Wall  -mno-hw-div -mno-hw-mul -mno-hw-mulx -mgpopt=global   -o obj/HAL/src/alt_environ.o HAL/src/alt_environ.c
Compiling alt_errno.c...
nios2-elf-gcc.exe -xc -MP -MMD -c  -I./HAL/inc -I. -I./drivers/inc -pipe -D__hal__ -DALT_NO_INSTRUCTION_EMULATION -DALT_SINGLE_THREADED    -O0 -g -Wall  -mno-hw-div -mno-hw-mul -mno-hw-mulx -mgpopt=global   -o obj/HAL/src/alt_errno.o HAL/src/alt_errno.c
Compiling alt_exception_entry.S...
nios2-elf-gcc.exe -MP -MMD -c   -O0 -g -Wall  -mno-hw-div -mno-hw-mul -mno-hw-mulx -mgpopt=global    -I./HAL/inc -I. -I./drivers/inc -pipe -D__hal__ -DALT_NO_INSTRUCTION_EMULATION -DALT_SINGLE_THREADED  -Wa,-gdwarf2  -o obj/HAL/src/alt_exception_entry.o HAL/src/alt_exception_entry.S
Compiling alt_exception_muldiv.S...
nios2-elf-gcc.exe -MP -MMD -c   -O0 -g -Wall  -mno-hw-div -mno-hw-mul -mno-hw-mulx -mgpopt=global    -I./HAL/inc -I. -I./drivers/inc -pipe -D__hal__ -DALT_NO_INSTRUCTION_EMULATION -DALT_SINGLE_THREADED  -Wa,-gdwarf2  -o obj/HAL/src/alt_exception_muldiv.o HAL/src/alt_exception_muldiv.S
Compiling alt_exception_trap.S...
nios2-elf-gcc.exe -MP -MMD -c   -O0 -g -Wall  -mno-hw-div -mno-hw-mul -mno-hw-mulx -mgpopt=global    -I./HAL/inc -I. -I./drivers/inc -pipe -D__hal__ -DALT_NO_INSTRUCTION_EMULATION -DALT_SINGLE_THREADED  -Wa,-gdwarf2  -o obj/HAL/src/alt_exception_trap.o HAL/src/alt_exception_trap.S
Compiling alt_execve.c...
nios2-elf-gcc.exe -xc -MP -MMD -c  -I./HAL/inc -I. -I./drivers/inc -pipe -D__hal__ -DALT_NO_INSTRUCTION_EMULATION -DALT_SINGLE_THREADED    -O0 -g -Wall  -mno-hw-div -mno-hw-mul -mno-hw-mulx -mgpopt=global   -o obj/HAL/src/alt_execve.o HAL/src/alt_execve.c
Compiling alt_exit.c...
nios2-elf-gcc.exe -xc -MP -MMD -c  -I./HAL/inc -I. -I./drivers/inc -pipe -D__hal__ -DALT_NO_INSTRUCTION_EMULATION -DALT_SINGLE_THREADED    -O0 -g -Wall  -mno-hw-div -mno-hw-mul -mno-hw-mulx -mgpopt=global   -o obj/HAL/src/alt_exit.o HAL/src/alt_exit.c
Compiling alt_fcntl.c...
nios2-elf-gcc.exe -xc -MP -MMD -c  -I./HAL/inc -I. -I./drivers/inc -pipe -D__hal__ -DALT_NO_INSTRUCTION_EMULATION -DALT_SINGLE_THREADED    -O0 -g -Wall  -mno-hw-div -mno-hw-mul -mno-hw-mulx -mgpopt=global   -o obj/HAL/src/alt_fcntl.o HAL/src/alt_fcntl.c
Compiling alt_fd_lock.c...
nios2-elf-gcc.exe -xc -MP -MMD -c  -I./HAL/inc -I. -I./drivers/inc -pipe -D__hal__ -DALT_NO_INSTRUCTION_EMULATION -DALT_SINGLE_THREADED    -O0 -g -Wall  -mno-hw-div -mno-hw-mul -mno-hw-mulx -mgpopt=global   -o obj/HAL/src/alt_fd_lock.o HAL/src/alt_fd_lock.c
Compiling alt_fd_unlock.c...
nios2-elf-gcc.exe -xc -MP -MMD -c  -I./HAL/inc -I. -I./drivers/inc -pipe -D__hal__ -DALT_NO_INSTRUCTION_EMULATION -DALT_SINGLE_THREADED    -O0 -g -Wall  -mno-hw-div -mno-hw-mul -mno-hw-mulx -mgpopt=global   -o obj/HAL/src/alt_fd_unlock.o HAL/src/alt_fd_unlock.c
Compiling alt_find_dev.c...
nios2-elf-gcc.exe -xc -MP -MMD -c  -I./HAL/inc -I. -I./drivers/inc -pipe -D__hal__ -DALT_NO_INSTRUCTION_EMULATION -DALT_SINGLE_THREADED    -O0 -g -Wall  -mno-hw-div -mno-hw-mul -mno-hw-mulx -mgpopt=global   -o obj/HAL/src/alt_find_dev.o HAL/src/alt_find_dev.c
Compiling alt_find_file.c...
nios2-elf-gcc.exe -xc -MP -MMD -c  -I./HAL/inc -I. -I./drivers/inc -pipe -D__hal__ -DALT_NO_INSTRUCTION_EMULATION -DALT_SINGLE_THREADED    -O0 -g -Wall  -mno-hw-div -mno-hw-mul -mno-hw-mulx -mgpopt=global   -o obj/HAL/src/alt_find_file.o HAL/src/alt_find_file.c
Compiling alt_flash_dev.c...
nios2-elf-gcc.exe -xc -MP -MMD -c  -I./HAL/inc -I. -I./drivers/inc -pipe -D__hal__ -DALT_NO_INSTRUCTION_EMULATION -DALT_SINGLE_THREADED    -O0 -g -Wall  -mno-hw-div -mno-hw-mul -mno-hw-mulx -mgpopt=global   -o obj/HAL/src/alt_flash_dev.o HAL/src/alt_flash_dev.c
Compiling alt_fork.c...
nios2-elf-gcc.exe -xc -MP -MMD -c  -I./HAL/inc -I. -I./drivers/inc -pipe -D__hal__ -DALT_NO_INSTRUCTION_EMULATION -DALT_SINGLE_THREADED    -O0 -g -Wall  -mno-hw-div -mno-hw-mul -mno-hw-mulx -mgpopt=global   -o obj/HAL/src/alt_fork.o HAL/src/alt_fork.c
Compiling alt_fs_reg.c...
nios2-elf-gcc.exe -xc -MP -MMD -c  -I./HAL/inc -I. -I./drivers/inc -pipe -D__hal__ -DALT_NO_INSTRUCTION_EMULATION -DALT_SINGLE_THREADED    -O0 -g -Wall  -mno-hw-div -mno-hw-mul -mno-hw-mulx -mgpopt=global   -o obj/HAL/src/alt_fs_reg.o HAL/src/alt_fs_reg.c
Compiling alt_fstat.c...
nios2-elf-gcc.exe -xc -MP -MMD -c  -I./HAL/inc -I. -I./drivers/inc -pipe -D__hal__ -DALT_NO_INSTRUCTION_EMULATION -DALT_SINGLE_THREADED    -O0 -g -Wall  -mno-hw-div -mno-hw-mul -mno-hw-mulx -mgpopt=global   -o obj/HAL/src/alt_fstat.o HAL/src/alt_fstat.c
Compiling alt_get_fd.c...
nios2-elf-gcc.exe -xc -MP -MMD -c  -I./HAL/inc -I. -I./drivers/inc -pipe -D__hal__ -DALT_NO_INSTRUCTION_EMULATION -DALT_SINGLE_THREADED    -O0 -g -Wall  -mno-hw-div -mno-hw-mul -mno-hw-mulx -mgpopt=global   -o obj/HAL/src/alt_get_fd.o HAL/src/alt_get_fd.c
Compiling alt_getchar.c...
nios2-elf-gcc.exe -xc -MP -MMD -c  -I./HAL/inc -I. -I./drivers/inc -pipe -D__hal__ -DALT_NO_INSTRUCTION_EMULATION -DALT_SINGLE_THREADED    -O0 -g -Wall  -mno-hw-div -mno-hw-mul -mno-hw-mulx -mgpopt=global   -o obj/HAL/src/alt_getchar.o HAL/src/alt_getchar.c
Compiling alt_getpid.c...
nios2-elf-gcc.exe -xc -MP -MMD -c  -I./HAL/inc -I. -I./drivers/inc -pipe -D__hal__ -DALT_NO_INSTRUCTION_EMULATION -DALT_SINGLE_THREADED    -O0 -g -Wall  -mno-hw-div -mno-hw-mul -mno-hw-mulx -mgpopt=global   -o obj/HAL/src/alt_getpid.o HAL/src/alt_getpid.c
Compiling alt_gettod.c...
nios2-elf-gcc.exe -xc -MP -MMD -c  -I./HAL/inc -I. -I./drivers/inc -pipe -D__hal__ -DALT_NO_INSTRUCTION_EMULATION -DALT_SINGLE_THREADED    -O0 -g -Wall  -mno-hw-div -mno-hw-mul -mno-hw-mulx -mgpopt=global   -o obj/HAL/src/alt_gettod.o HAL/src/alt_gettod.c
Compiling alt_gmon.c...
nios2-elf-gcc.exe -xc -MP -MMD -c  -I./HAL/inc -I. -I./drivers/inc -pipe -D__hal__ -DALT_NO_INSTRUCTION_EMULATION -DALT_SINGLE_THREADED    -O0 -g -Wall  -mno-hw-div -mno-hw-mul -mno-hw-mulx -mgpopt=global   -o obj/HAL/src/alt_gmon.o HAL/src/alt_gmon.c
Compiling alt_icache_flush.c...
nios2-elf-gcc.exe -xc -MP -MMD -c  -I./HAL/inc -I. -I./drivers/inc -pipe -D__hal__ -DALT_NO_INSTRUCTION_EMULATION -DALT_SINGLE_THREADED    -O0 -g -Wall  -mno-hw-div -mno-hw-mul -mno-hw-mulx -mgpopt=global   -o obj/HAL/src/alt_icache_flush.o HAL/src/alt_icache_flush.c
Compiling alt_icache_flush_all.c...
nios2-elf-gcc.exe -xc -MP -MMD -c  -I./HAL/inc -I. -I./drivers/inc -pipe -D__hal__ -DALT_NO_INSTRUCTION_EMULATION -DALT_SINGLE_THREADED    -O0 -g -Wall  -mno-hw-div -mno-hw-mul -mno-hw-mulx -mgpopt=global   -o obj/HAL/src/alt_icache_flush_all.o HAL/src/alt_icache_flush_all.c
Compiling alt_iic.c...
nios2-elf-gcc.exe -xc -MP -MMD -c  -I./HAL/inc -I. -I./drivers/inc -pipe -D__hal__ -DALT_NO_INSTRUCTION_EMULATION -DALT_SINGLE_THREADED    -O0 -g -Wall  -mno-hw-div -mno-hw-mul -mno-hw-mulx -mgpopt=global   -o obj/HAL/src/alt_iic.o HAL/src/alt_iic.c
Compiling alt_iic_isr_register.c...
nios2-elf-gcc.exe -xc -MP -MMD -c  -I./HAL/inc -I. -I./drivers/inc -pipe -D__hal__ -DALT_NO_INSTRUCTION_EMULATION -DALT_SINGLE_THREADED    -O0 -g -Wall  -mno-hw-div -mno-hw-mul -mno-hw-mulx -mgpopt=global   -o obj/HAL/src/alt_iic_isr_register.o HAL/src/alt_iic_isr_register.c
Compiling alt_instruction_exception_entry.c...
nios2-elf-gcc.exe -xc -MP -MMD -c  -I./HAL/inc -I. -I./drivers/inc -pipe -D__hal__ -DALT_NO_INSTRUCTION_EMULATION -DALT_SINGLE_THREADED    -O0 -g -Wall  -mno-hw-div -mno-hw-mul -mno-hw-mulx -mgpopt=global   -o obj/HAL/src/alt_instruction_exception_entry.o HAL/src/alt_instruction_exception_entry.c
Compiling alt_instruction_exception_register.c...
nios2-elf-gcc.exe -xc -MP -MMD -c  -I./HAL/inc -I. -I./drivers/inc -pipe -D__hal__ -DALT_NO_INSTRUCTION_EMULATION -DALT_SINGLE_THREADED    -O0 -g -Wall  -mno-hw-div -mno-hw-mul -mno-hw-mulx -mgpopt=global   -o obj/HAL/src/alt_instruction_exception_register.o HAL/src/alt_instruction_exception_register.c
Compiling alt_io_redirect.c...
nios2-elf-gcc.exe -xc -MP -MMD -c  -I./HAL/inc -I. -I./drivers/inc -pipe -D__hal__ -DALT_NO_INSTRUCTION_EMULATION -DALT_SINGLE_THREADED    -O0 -g -Wall  -mno-hw-div -mno-hw-mul -mno-hw-mulx -mgpopt=global   -o obj/HAL/src/alt_io_redirect.o HAL/src/alt_io_redirect.c
Compiling alt_ioctl.c...
nios2-elf-gcc.exe -xc -MP -MMD -c  -I./HAL/inc -I. -I./drivers/inc -pipe -D__hal__ -DALT_NO_INSTRUCTION_EMULATION -DALT_SINGLE_THREADED    -O0 -g -Wall  -mno-hw-div -mno-hw-mul -mno-hw-mulx -mgpopt=global   -o obj/HAL/src/alt_ioctl.o HAL/src/alt_ioctl.c
Compiling alt_irq_entry.S...
nios2-elf-gcc.exe -MP -MMD -c   -O0 -g -Wall  -mno-hw-div -mno-hw-mul -mno-hw-mulx -mgpopt=global    -I./HAL/inc -I. -I./drivers/inc -pipe -D__hal__ -DALT_NO_INSTRUCTION_EMULATION -DALT_SINGLE_THREADED  -Wa,-gdwarf2  -o obj/HAL/src/alt_irq_entry.o HAL/src/alt_irq_entry.S
Compiling alt_irq_handler.c...
nios2-elf-gcc.exe -xc -MP -MMD -c  -I./HAL/inc -I. -I./drivers/inc -pipe -D__hal__ -DALT_NO_INSTRUCTION_EMULATION -DALT_SINGLE_THREADED    -O0 -g -Wall  -mno-hw-div -mno-hw-mul -mno-hw-mulx -mgpopt=global   -o obj/HAL/src/alt_irq_handler.o HAL/src/alt_irq_handler.c
Compiling alt_irq_register.c...
nios2-elf-gcc.exe -xc -MP -MMD -c  -I./HAL/inc -I. -I./drivers/inc -pipe -D__hal__ -DALT_NO_INSTRUCTION_EMULATION -DALT_SINGLE_THREADED    -O0 -g -Wall  -mno-hw-div -mno-hw-mul -mno-hw-mulx -mgpopt=global   -o obj/HAL/src/alt_irq_register.o HAL/src/alt_irq_register.c
Compiling alt_irq_vars.c...
nios2-elf-gcc.exe -xc -MP -MMD -c  -I./HAL/inc -I. -I./drivers/inc -pipe -D__hal__ -DALT_NO_INSTRUCTION_EMULATION -DALT_SINGLE_THREADED    -O0 -g -Wall  -mno-hw-div -mno-hw-mul -mno-hw-mulx -mgpopt=global   -o obj/HAL/src/alt_irq_vars.o HAL/src/alt_irq_vars.c
Compiling alt_isatty.c...
nios2-elf-gcc.exe -xc -MP -MMD -c  -I./HAL/inc -I. -I./drivers/inc -pipe -D__hal__ -DALT_NO_INSTRUCTION_EMULATION -DALT_SINGLE_THREADED    -O0 -g -Wall  -mno-hw-div -mno-hw-mul -mno-hw-mulx -mgpopt=global   -o obj/HAL/src/alt_isatty.o HAL/src/alt_isatty.c
Compiling alt_kill.c...
nios2-elf-gcc.exe -xc -MP -MMD -c  -I./HAL/inc -I. -I./drivers/inc -pipe -D__hal__ -DALT_NO_INSTRUCTION_EMULATION -DALT_SINGLE_THREADED    -O0 -g -Wall  -mno-hw-div -mno-hw-mul -mno-hw-mulx -mgpopt=global   -o obj/HAL/src/alt_kill.o HAL/src/alt_kill.c
Compiling alt_link.c...
nios2-elf-gcc.exe -xc -MP -MMD -c  -I./HAL/inc -I. -I./drivers/inc -pipe -D__hal__ -DALT_NO_INSTRUCTION_EMULATION -DALT_SINGLE_THREADED    -O0 -g -Wall  -mno-hw-div -mno-hw-mul -mno-hw-mulx -mgpopt=global   -o obj/HAL/src/alt_link.o HAL/src/alt_link.c
Compiling alt_load.c...
nios2-elf-gcc.exe -xc -MP -MMD -c  -I./HAL/inc -I. -I./drivers/inc -pipe -D__hal__ -DALT_NO_INSTRUCTION_EMULATION -DALT_SINGLE_THREADED    -O0 -g -Wall  -mno-hw-div -mno-hw-mul -mno-hw-mulx -mgpopt=global   -o obj/HAL/src/alt_load.o HAL/src/alt_load.c
Compiling alt_log_macro.S...
nios2-elf-gcc.exe -MP -MMD -c   -O0 -g -Wall  -mno-hw-div -mno-hw-mul -mno-hw-mulx -mgpopt=global    -I./HAL/inc -I. -I./drivers/inc -pipe -D__hal__ -DALT_NO_INSTRUCTION_EMULATION -DALT_SINGLE_THREADED  -Wa,-gdwarf2  -o obj/HAL/src/alt_log_macro.o HAL/src/alt_log_macro.S
Compiling alt_log_printf.c...
nios2-elf-gcc.exe -xc -MP -MMD -c  -I./HAL/inc -I. -I./drivers/inc -pipe -D__hal__ -DALT_NO_INSTRUCTION_EMULATION -DALT_SINGLE_THREADED    -O0 -g -Wall  -mno-hw-div -mno-hw-mul -mno-hw-mulx -mgpopt=global   -o obj/HAL/src/alt_log_printf.o HAL/src/alt_log_printf.c
Compiling alt_lseek.c...
nios2-elf-gcc.exe -xc -MP -MMD -c  -I./HAL/inc -I. -I./drivers/inc -pipe -D__hal__ -DALT_NO_INSTRUCTION_EMULATION -DALT_SINGLE_THREADED    -O0 -g -Wall  -mno-hw-div -mno-hw-mul -mno-hw-mulx -mgpopt=global   -o obj/HAL/src/alt_lseek.o HAL/src/alt_lseek.c
Compiling alt_main.c...
nios2-elf-gcc.exe -xc -MP -MMD -c  -I./HAL/inc -I. -I./drivers/inc -pipe -D__hal__ -DALT_NO_INSTRUCTION_EMULATION -DALT_SINGLE_THREADED    -O0 -g -Wall  -mno-hw-div -mno-hw-mul -mno-hw-mulx -mgpopt=global   -o obj/HAL/src/alt_main.o HAL/src/alt_main.c
Compiling alt_malloc_lock.c...
nios2-elf-gcc.exe -xc -MP -MMD -c  -I./HAL/inc -I. -I./drivers/inc -pipe -D__hal__ -DALT_NO_INSTRUCTION_EMULATION -DALT_SINGLE_THREADED    -O0 -g -Wall  -mno-hw-div -mno-hw-mul -mno-hw-mulx -mgpopt=global   -o obj/HAL/src/alt_malloc_lock.o HAL/src/alt_malloc_lock.c
Compiling alt_mcount.S...
nios2-elf-gcc.exe -MP -MMD -c   -O0 -g -Wall  -mno-hw-div -mno-hw-mul -mno-hw-mulx -mgpopt=global    -I./HAL/inc -I. -I./drivers/inc -pipe -D__hal__ -DALT_NO_INSTRUCTION_EMULATION -DALT_SINGLE_THREADED  -Wa,-gdwarf2  -o obj/HAL/src/alt_mcount.o HAL/src/alt_mcount.S
Compiling alt_open.c...
nios2-elf-gcc.exe -xc -MP -MMD -c  -I./HAL/inc -I. -I./drivers/inc -pipe -D__hal__ -DALT_NO_INSTRUCTION_EMULATION -DALT_SINGLE_THREADED    -O0 -g -Wall  -mno-hw-div -mno-hw-mul -mno-hw-mulx -mgpopt=global   -o obj/HAL/src/alt_open.o HAL/src/alt_open.c
Compiling alt_printf.c...
nios2-elf-gcc.exe -xc -MP -MMD -c  -I./HAL/inc -I. -I./drivers/inc -pipe -D__hal__ -DALT_NO_INSTRUCTION_EMULATION -DALT_SINGLE_THREADED    -O0 -g -Wall  -mno-hw-div -mno-hw-mul -mno-hw-mulx -mgpopt=global   -o obj/HAL/src/alt_printf.o HAL/src/alt_printf.c
Compiling alt_putchar.c...
nios2-elf-gcc.exe -xc -MP -MMD -c  -I./HAL/inc -I. -I./drivers/inc -pipe -D__hal__ -DALT_NO_INSTRUCTION_EMULATION -DALT_SINGLE_THREADED    -O0 -g -Wall  -mno-hw-div -mno-hw-mul -mno-hw-mulx -mgpopt=global   -o obj/HAL/src/alt_putchar.o HAL/src/alt_putchar.c
Compiling alt_putcharbuf.c...
nios2-elf-gcc.exe -xc -MP -MMD -c  -I./HAL/inc -I. -I./drivers/inc -pipe -D__hal__ -DALT_NO_INSTRUCTION_EMULATION -DALT_SINGLE_THREADED    -O0 -g -Wall  -mno-hw-div -mno-hw-mul -mno-hw-mulx -mgpopt=global   -o obj/HAL/src/alt_putcharbuf.o HAL/src/alt_putcharbuf.c
Compiling alt_putstr.c...
nios2-elf-gcc.exe -xc -MP -MMD -c  -I./HAL/inc -I. -I./drivers/inc -pipe -D__hal__ -DALT_NO_INSTRUCTION_EMULATION -DALT_SINGLE_THREADED    -O0 -g -Wall  -mno-hw-div -mno-hw-mul -mno-hw-mulx -mgpopt=global   -o obj/HAL/src/alt_putstr.o HAL/src/alt_putstr.c
Compiling alt_read.c...
nios2-elf-gcc.exe -xc -MP -MMD -c  -I./HAL/inc -I. -I./drivers/inc -pipe -D__hal__ -DALT_NO_INSTRUCTION_EMULATION -DALT_SINGLE_THREADED    -O0 -g -Wall  -mno-hw-div -mno-hw-mul -mno-hw-mulx -mgpopt=global   -o obj/HAL/src/alt_read.o HAL/src/alt_read.c
Compiling alt_release_fd.c...
nios2-elf-gcc.exe -xc -MP -MMD -c  -I./HAL/inc -I. -I./drivers/inc -pipe -D__hal__ -DALT_NO_INSTRUCTION_EMULATION -DALT_SINGLE_THREADED    -O0 -g -Wall  -mno-hw-div -mno-hw-mul -mno-hw-mulx -mgpopt=global   -o obj/HAL/src/alt_release_fd.o HAL/src/alt_release_fd.c
Compiling alt_remap_cached.c...
nios2-elf-gcc.exe -xc -MP -MMD -c  -I./HAL/inc -I. -I./drivers/inc -pipe -D__hal__ -DALT_NO_INSTRUCTION_EMULATION -DALT_SINGLE_THREADED    -O0 -g -Wall  -mno-hw-div -mno-hw-mul -mno-hw-mulx -mgpopt=global   -o obj/HAL/src/alt_remap_cached.o HAL/src/alt_remap_cached.c
Compiling alt_remap_uncached.c...
nios2-elf-gcc.exe -xc -MP -MMD -c  -I./HAL/inc -I. -I./drivers/inc -pipe -D__hal__ -DALT_NO_INSTRUCTION_EMULATION -DALT_SINGLE_THREADED    -O0 -g -Wall  -mno-hw-div -mno-hw-mul -mno-hw-mulx -mgpopt=global   -o obj/HAL/src/alt_remap_uncached.o HAL/src/alt_remap_uncached.c
Compiling alt_rename.c...
nios2-elf-gcc.exe -xc -MP -MMD -c  -I./HAL/inc -I. -I./drivers/inc -pipe -D__hal__ -DALT_NO_INSTRUCTION_EMULATION -DALT_SINGLE_THREADED    -O0 -g -Wall  -mno-hw-div -mno-hw-mul -mno-hw-mulx -mgpopt=global   -o obj/HAL/src/alt_rename.o HAL/src/alt_rename.c
Compiling alt_sbrk.c...
nios2-elf-gcc.exe -xc -MP -MMD -c  -I./HAL/inc -I. -I./drivers/inc -pipe -D__hal__ -DALT_NO_INSTRUCTION_EMULATION -DALT_SINGLE_THREADED    -O0 -g -Wall  -mno-hw-div -mno-hw-mul -mno-hw-mulx -mgpopt=global   -o obj/HAL/src/alt_sbrk.o HAL/src/alt_sbrk.c
Compiling alt_settod.c...
nios2-elf-gcc.exe -xc -MP -MMD -c  -I./HAL/inc -I. -I./drivers/inc -pipe -D__hal__ -DALT_NO_INSTRUCTION_EMULATION -DALT_SINGLE_THREADED    -O0 -g -Wall  -mno-hw-div -mno-hw-mul -mno-hw-mulx -mgpopt=global   -o obj/HAL/src/alt_settod.o HAL/src/alt_settod.c
Compiling alt_software_exception.S...
nios2-elf-gcc.exe -MP -MMD -c   -O0 -g -Wall  -mno-hw-div -mno-hw-mul -mno-hw-mulx -mgpopt=global    -I./HAL/inc -I. -I./drivers/inc -pipe -D__hal__ -DALT_NO_INSTRUCTION_EMULATION -DALT_SINGLE_THREADED  -Wa,-gdwarf2  -o obj/HAL/src/alt_software_exception.o HAL/src/alt_software_exception.S
Compiling alt_stat.c...
nios2-elf-gcc.exe -xc -MP -MMD -c  -I./HAL/inc -I. -I./drivers/inc -pipe -D__hal__ -DALT_NO_INSTRUCTION_EMULATION -DALT_SINGLE_THREADED    -O0 -g -Wall  -mno-hw-div -mno-hw-mul -mno-hw-mulx -mgpopt=global   -o obj/HAL/src/alt_stat.o HAL/src/alt_stat.c
Compiling alt_tick.c...
nios2-elf-gcc.exe -xc -MP -MMD -c  -I./HAL/inc -I. -I./drivers/inc -pipe -D__hal__ -DALT_NO_INSTRUCTION_EMULATION -DALT_SINGLE_THREADED    -O0 -g -Wall  -mno-hw-div -mno-hw-mul -mno-hw-mulx -mgpopt=global   -o obj/HAL/src/alt_tick.o HAL/src/alt_tick.c
Compiling alt_times.c...
nios2-elf-gcc.exe -xc -MP -MMD -c  -I./HAL/inc -I. -I./drivers/inc -pipe -D__hal__ -DALT_NO_INSTRUCTION_EMULATION -DALT_SINGLE_THREADED    -O0 -g -Wall  -mno-hw-div -mno-hw-mul -mno-hw-mulx -mgpopt=global   -o obj/HAL/src/alt_times.o HAL/src/alt_times.c
Compiling alt_uncached_free.c...
nios2-elf-gcc.exe -xc -MP -MMD -c  -I./HAL/inc -I. -I./drivers/inc -pipe -D__hal__ -DALT_NO_INSTRUCTION_EMULATION -DALT_SINGLE_THREADED    -O0 -g -Wall  -mno-hw-div -mno-hw-mul -mno-hw-mulx -mgpopt=global   -o obj/HAL/src/alt_uncached_free.o HAL/src/alt_uncached_free.c
Compiling alt_uncached_malloc.c...
nios2-elf-gcc.exe -xc -MP -MMD -c  -I./HAL/inc -I. -I./drivers/inc -pipe -D__hal__ -DALT_NO_INSTRUCTION_EMULATION -DALT_SINGLE_THREADED    -O0 -g -Wall  -mno-hw-div -mno-hw-mul -mno-hw-mulx -mgpopt=global   -o obj/HAL/src/alt_uncached_malloc.o HAL/src/alt_uncached_malloc.c
Compiling alt_unlink.c...
nios2-elf-gcc.exe -xc -MP -MMD -c  -I./HAL/inc -I. -I./drivers/inc -pipe -D__hal__ -DALT_NO_INSTRUCTION_EMULATION -DALT_SINGLE_THREADED    -O0 -g -Wall  -mno-hw-div -mno-hw-mul -mno-hw-mulx -mgpopt=global   -o obj/HAL/src/alt_unlink.o HAL/src/alt_unlink.c
Compiling alt_usleep.c...
nios2-elf-gcc.exe -xc -MP -MMD -c  -I./HAL/inc -I. -I./drivers/inc -pipe -D__hal__ -DALT_NO_INSTRUCTION_EMULATION -DALT_SINGLE_THREADED    -O0 -g -Wall  -mno-hw-div -mno-hw-mul -mno-hw-mulx -mgpopt=global   -o obj/HAL/src/alt_usleep.o HAL/src/alt_usleep.c
Compiling alt_wait.c...
nios2-elf-gcc.exe -xc -MP -MMD -c  -I./HAL/inc -I. -I./drivers/inc -pipe -D__hal__ -DALT_NO_INSTRUCTION_EMULATION -DALT_SINGLE_THREADED    -O0 -g -Wall  -mno-hw-div -mno-hw-mul -mno-hw-mulx -mgpopt=global   -o obj/HAL/src/alt_wait.o HAL/src/alt_wait.c
Compiling alt_write.c...
nios2-elf-gcc.exe -xc -MP -MMD -c  -I./HAL/inc -I. -I./drivers/inc -pipe -D__hal__ -DALT_NO_INSTRUCTION_EMULATION -DALT_SINGLE_THREADED    -O0 -g -Wall  -mno-hw-div -mno-hw-mul -mno-hw-mulx -mgpopt=global   -o obj/HAL/src/alt_write.o HAL/src/alt_write.c
Compiling altera_nios2_gen2_irq.c...
nios2-elf-gcc.exe -xc -MP -MMD -c  -I./HAL/inc -I. -I./drivers/inc -pipe -D__hal__ -DALT_NO_INSTRUCTION_EMULATION -DALT_SINGLE_THREADED    -O0 -g -Wall  -mno-hw-div -mno-hw-mul -mno-hw-mulx -mgpopt=global   -o obj/HAL/src/altera_nios2_gen2_irq.o HAL/src/altera_nios2_gen2_irq.c
Compiling crt0.S...
nios2-elf-gcc.exe -MP -MMD -c   -O0 -g -Wall  -mno-hw-div -mno-hw-mul -mno-hw-mulx -mgpopt=global    -I./HAL/inc -I. -I./drivers/inc -pipe -D__hal__ -DALT_NO_INSTRUCTION_EMULATION -DALT_SINGLE_THREADED  -Wa,-gdwarf2  -o obj/HAL/src/crt0.o HAL/src/crt0.S
Compiling alt_sys_init.c...
nios2-elf-gcc.exe -xc -MP -MMD -c  -I./HAL/inc -I. -I./drivers/inc -pipe -D__hal__ -DALT_NO_INSTRUCTION_EMULATION -DALT_SINGLE_THREADED    -O0 -g -Wall  -mno-hw-div -mno-hw-mul -mno-hw-mulx -mgpopt=global   -o obj/alt_sys_init.o alt_sys_init.c
Compiling altera_avalon_jtag_uart_fd.c...
nios2-elf-gcc.exe -xc -MP -MMD -c  -I./HAL/inc -I. -I./drivers/inc -pipe -D__hal__ -DALT_NO_INSTRUCTION_EMULATION -DALT_SINGLE_THREADED    -O0 -g -Wall  -mno-hw-div -mno-hw-mul -mno-hw-mulx -mgpopt=global   -o obj/drivers/src/altera_avalon_jtag_uart_fd.o drivers/src/altera_avalon_jtag_uart_fd.c
Compiling altera_avalon_jtag_uart_init.c...
nios2-elf-gcc.exe -xc -MP -MMD -c  -I./HAL/inc -I. -I./drivers/inc -pipe -D__hal__ -DALT_NO_INSTRUCTION_EMULATION -DALT_SINGLE_THREADED    -O0 -g -Wall  -mno-hw-div -mno-hw-mul -mno-hw-mulx -mgpopt=global   -o obj/drivers/src/altera_avalon_jtag_uart_init.o drivers/src/altera_avalon_jtag_uart_init.c
Compiling altera_avalon_jtag_uart_ioctl.c...
nios2-elf-gcc.exe -xc -MP -MMD -c  -I./HAL/inc -I. -I./drivers/inc -pipe -D__hal__ -DALT_NO_INSTRUCTION_EMULATION -DALT_SINGLE_THREADED    -O0 -g -Wall  -mno-hw-div -mno-hw-mul -mno-hw-mulx -mgpopt=global   -o obj/drivers/src/altera_avalon_jtag_uart_ioctl.o drivers/src/altera_avalon_jtag_uart_ioctl.c
Compiling altera_avalon_jtag_uart_read.c...
nios2-elf-gcc.exe -xc -MP -MMD -c  -I./HAL/inc -I. -I./drivers/inc -pipe -D__hal__ -DALT_NO_INSTRUCTION_EMULATION -DALT_SINGLE_THREADED    -O0 -g -Wall  -mno-hw-div -mno-hw-mul -mno-hw-mulx -mgpopt=global   -o obj/drivers/src/altera_avalon_jtag_uart_read.o drivers/src/altera_avalon_jtag_uart_read.c
Compiling altera_avalon_jtag_uart_write.c...
nios2-elf-gcc.exe -xc -MP -MMD -c  -I./HAL/inc -I. -I./drivers/inc -pipe -D__hal__ -DALT_NO_INSTRUCTION_EMULATION -DALT_SINGLE_THREADED    -O0 -g -Wall  -mno-hw-div -mno-hw-mul -mno-hw-mulx -mgpopt=global   -o obj/drivers/src/altera_avalon_jtag_uart_write.o drivers/src/altera_avalon_jtag_uart_write.c
Compiling altera_avalon_sysid_qsys.c...
nios2-elf-gcc.exe -xc -MP -MMD -c  -I./HAL/inc -I. -I./drivers/inc -pipe -D__hal__ -DALT_NO_INSTRUCTION_EMULATION -DALT_SINGLE_THREADED    -O0 -g -Wall  -mno-hw-div -mno-hw-mul -mno-hw-mulx -mgpopt=global   -o obj/drivers/src/altera_avalon_sysid_qsys.o drivers/src/altera_avalon_sysid_qsys.c
Compiling altera_avalon_timer_sc.c...
nios2-elf-gcc.exe -xc -MP -MMD -c  -I./HAL/inc -I. -I./drivers/inc -pipe -D__hal__ -DALT_NO_INSTRUCTION_EMULATION -DALT_SINGLE_THREADED    -O0 -g -Wall  -mno-hw-div -mno-hw-mul -mno-hw-mulx -mgpopt=global   -o obj/drivers/src/altera_avalon_timer_sc.o drivers/src/altera_avalon_timer_sc.c
Compiling altera_avalon_timer_ts.c...
nios2-elf-gcc.exe -xc -MP -MMD -c  -I./HAL/inc -I. -I./drivers/inc -pipe -D__hal__ -DALT_NO_INSTRUCTION_EMULATION -DALT_SINGLE_THREADED    -O0 -g -Wall  -mno-hw-div -mno-hw-mul -mno-hw-mulx -mgpopt=global   -o obj/drivers/src/altera_avalon_timer_ts.o drivers/src/altera_avalon_timer_ts.c
Compiling altera_avalon_timer_vars.c...
nios2-elf-gcc.exe -xc -MP -MMD -c  -I./HAL/inc -I. -I./drivers/inc -pipe -D__hal__ -DALT_NO_INSTRUCTION_EMULATION -DALT_SINGLE_THREADED    -O0 -g -Wall  -mno-hw-div -mno-hw-mul -mno-hw-mulx -mgpopt=global   -o obj/drivers/src/altera_avalon_timer_vars.o drivers/src/altera_avalon_timer_vars.c
Creating libhal_bsp.a...
rm -f -f libhal_bsp.a
nios2-elf-ar.exe -src libhal_bsp.a obj/HAL/src/alt_alarm_start.o obj/HAL/src/alt_busy_sleep.o obj/HAL/src/alt_close.o obj/HAL/src/alt_dcache_flush.o obj/HAL/src/alt_dcache_flush_all.o obj/HAL/src/alt_dcache_flush_no_writeback.o obj/HAL/src/alt_dev.o obj/HAL/src/alt_dev_llist_insert.o obj/HAL/src/alt_dma_rxchan_open.o obj/HAL/src/alt_dma_txchan_open.o obj/HAL/src/alt_do_ctors.o obj/HAL/src/alt_do_dtors.o obj/HAL/src/alt_ecc_fatal_entry.o obj/HAL/src/alt_ecc_fatal_exception.o obj/HAL/src/alt_env_lock.o obj/HAL/src/alt_environ.o obj/HAL/src/alt_errno.o obj/HAL/src/alt_exception_entry.o obj/HAL/src/alt_exception_muldiv.o obj/HAL/src/alt_exception_trap.o obj/HAL/src/alt_execve.o obj/HAL/src/alt_exit.o obj/HAL/src/alt_fcntl.o obj/HAL/src/alt_fd_lock.o obj/HAL/src/alt_fd_unlock.o obj/HAL/src/alt_find_dev.o obj/HAL/src/alt_find_file.o obj/HAL/src/alt_flash_dev.o obj/HAL/src/alt_fork.o obj/HAL/src/alt_fs_reg.o obj/HAL/src/alt_fstat.o obj/HAL/src/alt_get_fd.o obj/HAL/src/alt_getchar.o obj/HAL/src/alt_getpid.o obj/HAL/src/alt_gettod.o obj/HAL/src/alt_gmon.o obj/HAL/src/alt_icache_flush.o obj/HAL/src/alt_icache_flush_all.o obj/HAL/src/alt_iic.o obj/HAL/src/alt_iic_isr_register.o obj/HAL/src/alt_instruction_exception_entry.o obj/HAL/src/alt_instruction_exception_register.o obj/HAL/src/alt_io_redirect.o obj/HAL/src/alt_ioctl.o obj/HAL/src/alt_irq_entry.o obj/HAL/src/alt_irq_handler.o obj/HAL/src/alt_irq_register.o obj/HAL/src/alt_irq_vars.o obj/HAL/src/alt_isatty.o obj/HAL/src/alt_kill.o obj/HAL/src/alt_link.o obj/HAL/src/alt_load.o obj/HAL/src/alt_log_macro.o obj/HAL/src/alt_log_printf.o obj/HAL/src/alt_lseek.o obj/HAL/src/alt_main.o obj/HAL/src/alt_malloc_lock.o obj/HAL/src/alt_mcount.o obj/HAL/src/alt_open.o obj/HAL/src/alt_printf.o obj/HAL/src/alt_putchar.o obj/HAL/src/alt_putcharbuf.o obj/HAL/src/alt_putstr.o obj/HAL/src/alt_read.o obj/HAL/src/alt_release_fd.o obj/HAL/src/alt_remap_cached.o obj/HAL/src/alt_remap_uncached.o obj/HAL/src/alt_rename.o obj/HAL/src/alt_sbrk.o obj/HAL/src/alt_settod.o obj/HAL/src/alt_software_exception.o obj/HAL/src/alt_stat.o obj/HAL/src/alt_tick.o obj/HAL/src/alt_times.o obj/HAL/src/alt_uncached_free.o obj/HAL/src/alt_uncached_malloc.o obj/HAL/src/alt_unlink.o obj/HAL/src/alt_usleep.o obj/HAL/src/alt_wait.o obj/HAL/src/alt_write.o obj/HAL/src/altera_nios2_gen2_irq.o obj/HAL/src/crt0.o obj/alt_sys_init.o obj/drivers/src/altera_avalon_jtag_uart_fd.o obj/drivers/src/altera_avalon_jtag_uart_init.o obj/drivers/src/altera_avalon_jtag_uart_ioctl.o obj/drivers/src/altera_avalon_jtag_uart_read.o obj/drivers/src/altera_avalon_jtag_uart_write.o obj/drivers/src/altera_avalon_sysid_qsys.o obj/drivers/src/altera_avalon_timer_sc.o obj/drivers/src/altera_avalon_timer_ts.o obj/drivers/src/altera_avalon_timer_vars.o
[BSP build complete]
Info: Compiling AUDIO.c to obj/default/AUDIO.o
nios2-elf-gcc.exe -xc -MP -MMD -c -Ic:/repos/fpga_dsp/audio_sdram/software/audio_feed_7_bsp//HAL/inc -Ic:/repos/fpga_dsp/audio_sdram/software/audio_feed_7_bsp/ -Ic:/repos/fpga_dsp/audio_sdram/software/audio_feed_7_bsp//drivers/inc  -pipe -D__hal__ -DALT_NO_INSTRUCTION_EMULATION -DALT_SINGLE_THREADED    -O0 -g -Wall   -mno-hw-div -mno-hw-mul -mno-hw-mulx -mgpopt=global  -o obj/default/AUDIO.o AUDIO.c
Info: Compiling I2C.c to obj/default/I2C.o
nios2-elf-gcc.exe -xc -MP -MMD -c -Ic:/repos/fpga_dsp/audio_sdram/software/audio_feed_7_bsp//HAL/inc -Ic:/repos/fpga_dsp/audio_sdram/software/audio_feed_7_bsp/ -Ic:/repos/fpga_dsp/audio_sdram/software/audio_feed_7_bsp//drivers/inc  -pipe -D__hal__ -DALT_NO_INSTRUCTION_EMULATION -DALT_SINGLE_THREADED    -O0 -g -Wall   -mno-hw-div -mno-hw-mul -mno-hw-mulx -mgpopt=global  -o obj/default/I2C.o I2C.c
Info: Compiling LED.c to obj/default/LED.o
nios2-elf-gcc.exe -xc -MP -MMD -c -Ic:/repos/fpga_dsp/audio_sdram/software/audio_feed_7_bsp//HAL/inc -Ic:/repos/fpga_dsp/audio_sdram/software/audio_feed_7_bsp/ -Ic:/repos/fpga_dsp/audio_sdram/software/audio_feed_7_bsp//drivers/inc  -pipe -D__hal__ -DALT_NO_INSTRUCTION_EMULATION -DALT_SINGLE_THREADED    -O0 -g -Wall   -mno-hw-div -mno-hw-mul -mno-hw-mulx -mgpopt=global  -o obj/default/LED.o LED.c
Info: Compiling SEG7.c to obj/default/SEG7.o
nios2-elf-gcc.exe -xc -MP -MMD -c -Ic:/repos/fpga_dsp/audio_sdram/software/audio_feed_7_bsp//HAL/inc -Ic:/repos/fpga_dsp/audio_sdram/software/audio_feed_7_bsp/ -Ic:/repos/fpga_dsp/audio_sdram/software/audio_feed_7_bsp//drivers/inc  -pipe -D__hal__ -DALT_NO_INSTRUCTION_EMULATION -DALT_SINGLE_THREADED    -O0 -g -Wall   -mno-hw-div -mno-hw-mul -mno-hw-mulx -mgpopt=global  -o obj/default/SEG7.o SEG7.c
Info: Compiling debug.c to obj/default/debug.o
nios2-elf-gcc.exe -xc -MP -MMD -c -Ic:/repos/fpga_dsp/audio_sdram/software/audio_feed_7_bsp//HAL/inc -Ic:/repos/fpga_dsp/audio_sdram/software/audio_feed_7_bsp/ -Ic:/repos/fpga_dsp/audio_sdram/software/audio_feed_7_bsp//drivers/inc  -pipe -D__hal__ -DALT_NO_INSTRUCTION_EMULATION -DALT_SINGLE_THREADED    -O0 -g -Wall   -mno-hw-div -mno-hw-mul -mno-hw-mulx -mgpopt=global  -o obj/default/debug.o debug.c
debug.c: In function 'myprintf_hex_array':
debug.c:72:17: warning: pointer targets in passing argument 1 of 'sprintf' differ in signedness [-Wpointer-sign]
   72 |         sprintf(szText, "[%02X]", *(pHex+i));
      |                 ^~~~~~
      |                 |
      |                 unsigned char *
In file included from debug.c:32:
c:\intelfpga_lite\20.1\nios2eds\bin\gnu\h-x86_64-mingw32\nios2-elf\include\stdio.h:244:14: note: expected 'char * restrict' but argument is of type 'unsigned char *'
Info: Compiling main.c to obj/default/main.o
  244 | int sprintf (char *__restrict, const char *__restrict, ...)
      |              ^
In file included from my_includes.h:53,
                 from debug.c:34:
debug.c:73:16: warning: pointer targets in passing argument 1 of 'myprintf' differ in signedness [-Wpointer-sign]
   73 |         DEBUG((szText));
nios2-elf-gcc.exe -xc -MP -MMD -c -Ic:/repos/fpga_dsp/audio_sdram/software/audio_feed_7_bsp//HAL/inc -Ic:/repos/fpga_dsp/audio_sdram/software/audio_feed_7_bsp/ -Ic:/repos/fpga_dsp/audio_sdram/software/audio_feed_7_bsp//drivers/inc  -pipe -D__hal__ -DALT_NO_INSTRUCTION_EMULATION -DALT_SINGLE_THREADED    -O0 -g -Wall   -mno-hw-div -mno-hw-mul -mno-hw-mulx -mgpopt=global  -o obj/default/main.o main.c
      |                ^~~~~~
      |                |
      |                unsigned char *
debug.h:47:42: note: in definition of macro 'DEBUG'
   47 | #define DEBUG(x)               {myprintf x;}  // standard in/out, specifed in project (it could be uart, jtag, or lcd)
      |                                          ^
debug.c:53:20: note: expected 'char *' but argument is of type 'unsigned char *'
   53 | int myprintf(char *format, ...){
      |              ~~~~~~^~~~~~
main.c: In function 'record_to_play':
main.c:452:8: warning: suggest parentheses around comparison in operand of '==' [-Wparentheses]
  452 |   if(w < WORDS == FALSE){
      |        ^
main.c:445:11: warning: unused variable 'R_out' [-Wunused-variable]
  445 |   int16_t R_out = (int16_t)(word_out & 0xFFFF);
      |           ^~~~~
main.c: In function 'main':
main.c:574:12: warning: unused variable 'w_x' [-Wunused-variable]
  574 |  const int w_x    = 8192;   // ≈0.25
      |            ^~~
main.c:573:12: warning: unused variable 'w_main' [-Wunused-variable]
  573 |  const int w_main = 26214;  // ≈0.8
      |            ^~~~~~
main.c:571:11: warning: unused variable 'offset' [-Wunused-variable]
  571 |  uint32_t offset = 0;
      |           ^~~~~~
main.c:569:19: warning: unused variable 'value_r' [-Wunused-variable]
  569 |  alt_u16 value_l, value_r;
      |                   ^~~~~~~
main.c:569:10: warning: unused variable 'value_l' [-Wunused-variable]
  569 |  alt_u16 value_l, value_r;
      |          ^~~~~~~
main.c:568:10: warning: unused variable 'data' [-Wunused-variable]
  568 |  alt_u32 data;
      |          ^~~~
main.c:567:20: warning: unused variable 'ch_left' [-Wunused-variable]
  567 |  alt_u16 ch_right, ch_left;
      |                    ^~~~~~~
main.c:567:10: warning: unused variable 'ch_right' [-Wunused-variable]
  567 |  alt_u16 ch_right, ch_left;
      |          ^~~~~~~~
At top level:
main.c:429:13: warning: 'record_to_play' defined but not used [-Wunused-function]
  429 | static void record_to_play(void){
      |             ^~~~~~~~~~~~~~
main.c:414:13: warning: 'play_from_sdram' defined but not used [-Wunused-function]
  414 | static void play_from_sdram(uint32_t words){
      |             ^~~~~~~~~~~~~~~
main.c:401:17: warning: 'record_to_sdram' defined but not used [-Wunused-function]
  401 | static uint32_t record_to_sdram(void){
      |                 ^~~~~~~~~~~~~~~
main.c:381:79: warning: 'tick_6' defined but not used [-Wunused-variable]
  381 | static uint32_t lw=0, rw=0, tick=0, tick_2=0, tick_3=0, tick_4 = 0, tick_5=0, tick_6=0;
      |                                                                               ^~~~~~
main.c:381:69: warning: 'tick_5' defined but not used [-Wunused-variable]
  381 | static uint32_t lw=0, rw=0, tick=0, tick_2=0, tick_3=0, tick_4 = 0, tick_5=0, tick_6=0;
      |                                                                     ^~~~~~
main.c:381:47: warning: 'tick_3' defined but not used [-Wunused-variable]
  381 | static uint32_t lw=0, rw=0, tick=0, tick_2=0, tick_3=0, tick_4 = 0, tick_5=0, tick_6=0;
      |                                               ^~~~~~
main.c:381:29: warning: 'tick' defined but not used [-Wunused-variable]
  381 | static uint32_t lw=0, rw=0, tick=0, tick_2=0, tick_3=0, tick_4 = 0, tick_5=0, tick_6=0;
      |                             ^~~~
main.c:381:23: warning: 'rw' defined but not used [-Wunused-variable]
  381 | static uint32_t lw=0, rw=0, tick=0, tick_2=0, tick_3=0, tick_4 = 0, tick_5=0, tick_6=0;
      |                       ^~
main.c:381:17: warning: 'lw' defined but not used [-Wunused-variable]
  381 | static uint32_t lw=0, rw=0, tick=0, tick_2=0, tick_3=0, tick_4 = 0, tick_5=0, tick_6=0;
      |                 ^~
Info: Compiling overdrive.c to obj/default/overdrive.o
nios2-elf-gcc.exe -xc -MP -MMD -c -Ic:/repos/fpga_dsp/audio_sdram/software/audio_feed_7_bsp//HAL/inc -Ic:/repos/fpga_dsp/audio_sdram/software/audio_feed_7_bsp/ -Ic:/repos/fpga_dsp/audio_sdram/software/audio_feed_7_bsp//drivers/inc  -pipe -D__hal__ -DALT_NO_INSTRUCTION_EMULATION -DALT_SINGLE_THREADED    -O0 -g -Wall   -mno-hw-div -mno-hw-mul -mno-hw-mulx -mgpopt=global  -o obj/default/overdrive.o overdrive.c
overdrive.c: In function 'od_set_mix_f':
overdrive.c:91:5: warning: this 'if' clause does not guard... [-Wmisleading-indentation]
   91 |     if (m < 0.0f) m = 0.0f; if (m > 1.0f) m = 1.0f;
      |     ^~
overdrive.c:91:29: note: ...this statement, but the latter is misleadingly indented as if it were guarded by the 'if'
   91 |     if (m < 0.0f) m = 0.0f; if (m > 1.0f) m = 1.0f;
      |                             ^~
overdrive.c: In function 'od_process_sample':
overdrive.c:116:13: warning: unused variable 'dry' [-Wunused-variable]
  116 |     int32_t dry  = q15_mul(dry_q15, (32767 - od->mix_q15));     // Q1.15
      |             ^~~
overdrive.c:115:13: warning: unused variable 'wet' [-Wunused-variable]
  115 |     int32_t wet  = q15_mul(y,           od->mix_q15);           // Q1.15
      |             ^~~
Info: Linking audio_feed_7.elf
nios2-elf-g++.exe  -T'c:/repos/fpga_dsp/audio_sdram/software/audio_feed_7_bsp//linker.x' -msys-crt0='c:/repos/fpga_dsp/audio_sdram/software/audio_feed_7_bsp//obj/HAL/src/crt0.o' -msys-lib=hal_bsp -Lc:/repos/fpga_dsp/audio_sdram/software/audio_feed_7_bsp/   -Wl,-Map=audio_feed_7.map   -O0 -g -Wall   -mno-hw-div -mno-hw-mul -mno-hw-mulx -mgpopt=global  -o audio_feed_7.elf obj/default/AUDIO.o obj/default/I2C.o obj/default/LED.o obj/default/SEG7.o obj/default/debug.o obj/default/main.o obj/default/overdrive.o -lm -msys-lib=m
nios2-elf-insert.exe audio_feed_7.elf --thread_model hal --cpu_name nios2_gen2_0 --qsys true --simulation_enabled false --id 0 --sidp 0x5101048 --timestamp 1756386196 --stderr_dev jtag_uart --stdin_dev jtag_uart --stdout_dev jtag_uart --sopc_system_name audio_feed --quartus_project_dir "c:/repos/fpga_dsp/audio_sdram" --jdi ../..//output_files/audio_feed.jdi
Info: (audio_feed_7.elf) 112 KBytes program size (code + initialized data).
Info:                    65523 KBytes free for stack + heap.
Info: Creating audio_feed_7.objdump
nios2-elf-objdump.exe --disassemble --syms --all-header --source audio_feed_7.elf >audio_feed_7.objdump
[audio_feed_7 build complete]
22:18:59 **** Build of configuration Nios II for project audio_feed_7_bsp ****
wsl make all 
[BSP build complete]
22:19:06 **** Build of configuration Nios II for project audio_feed_7 ****
wsl make all 
Info: Building /mnt/c/repos/fpga_dsp/audio_sdram/software/audio_feed_7_bsp/
make --no-print-directory -C /mnt/c/repos/fpga_dsp/audio_sdram/software/audio_feed_7_bsp/
[BSP build complete]
[audio_feed_7 build complete]
22:19:08 **** Incremental Build of configuration Nios II for project audio_feed_7 ****
wsl make all 
Info: Building /mnt/c/repos/fpga_dsp/audio_sdram/software/audio_feed_7_bsp/
make --no-print-directory -C /mnt/c/repos/fpga_dsp/audio_sdram/software/audio_feed_7_bsp/
[BSP build complete]
[audio_feed_7 build complete]
22:20:53 **** Clean-only build of configuration Nios II for project audio_feed_7 ****
wsl make clean 
[audio_feed_7 clean complete]
22:20:54 **** Build of configuration Nios II for project audio_feed_7 ****
wsl make all 
Info: Building /mnt/c/repos/fpga_dsp/audio_sdram/software/audio_feed_7_bsp/
make --no-print-directory -C /mnt/c/repos/fpga_dsp/audio_sdram/software/audio_feed_7_bsp/
[BSP build complete]
Info: Compiling AUDIO.c to obj/default/AUDIO.o
nios2-elf-gcc.exe -xc -MP -MMD -c -Ic:/repos/fpga_dsp/audio_sdram/software/audio_feed_7_bsp//HAL/inc -Ic:/repos/fpga_dsp/audio_sdram/software/audio_feed_7_bsp/ -Ic:/repos/fpga_dsp/audio_sdram/software/audio_feed_7_bsp//drivers/inc  -pipe -D__hal__ -DALT_NO_INSTRUCTION_EMULATION -DALT_SINGLE_THREADED    -O0 -g -Wall   -mno-hw-div -mno-hw-mul -mno-hw-mulx -mgpopt=global  -o obj/default/AUDIO.o AUDIO.c
Info: Compiling I2C.c to obj/default/I2C.o
nios2-elf-gcc.exe -xc -MP -MMD -c -Ic:/repos/fpga_dsp/audio_sdram/software/audio_feed_7_bsp//HAL/inc -Ic:/repos/fpga_dsp/audio_sdram/software/audio_feed_7_bsp/ -Ic:/repos/fpga_dsp/audio_sdram/software/audio_feed_7_bsp//drivers/inc  -pipe -D__hal__ -DALT_NO_INSTRUCTION_EMULATION -DALT_SINGLE_THREADED    -O0 -g -Wall   -mno-hw-div -mno-hw-mul -mno-hw-mulx -mgpopt=global  -o obj/default/I2C.o I2C.c
Info: Compiling LED.c to obj/default/LED.o
nios2-elf-gcc.exe -xc -MP -MMD -c -Ic:/repos/fpga_dsp/audio_sdram/software/audio_feed_7_bsp//HAL/inc -Ic:/repos/fpga_dsp/audio_sdram/software/audio_feed_7_bsp/ -Ic:/repos/fpga_dsp/audio_sdram/software/audio_feed_7_bsp//drivers/inc  -pipe -D__hal__ -DALT_NO_INSTRUCTION_EMULATION -DALT_SINGLE_THREADED    -O0 -g -Wall   -mno-hw-div -mno-hw-mul -mno-hw-mulx -mgpopt=global  -o obj/default/LED.o LED.c
Info: Compiling SEG7.c to obj/default/SEG7.o
nios2-elf-gcc.exe -xc -MP -MMD -c -Ic:/repos/fpga_dsp/audio_sdram/software/audio_feed_7_bsp//HAL/inc -Ic:/repos/fpga_dsp/audio_sdram/software/audio_feed_7_bsp/ -Ic:/repos/fpga_dsp/audio_sdram/software/audio_feed_7_bsp//drivers/inc  -pipe -D__hal__ -DALT_NO_INSTRUCTION_EMULATION -DALT_SINGLE_THREADED    -O0 -g -Wall   -mno-hw-div -mno-hw-mul -mno-hw-mulx -mgpopt=global  -o obj/default/SEG7.o SEG7.c
Info: Compiling debug.c to obj/default/debug.o
nios2-elf-gcc.exe -xc -MP -MMD -c -Ic:/repos/fpga_dsp/audio_sdram/software/audio_feed_7_bsp//HAL/inc -Ic:/repos/fpga_dsp/audio_sdram/software/audio_feed_7_bsp/ -Ic:/repos/fpga_dsp/audio_sdram/software/audio_feed_7_bsp//drivers/inc  -pipe -D__hal__ -DALT_NO_INSTRUCTION_EMULATION -DALT_SINGLE_THREADED    -O0 -g -Wall   -mno-hw-div -mno-hw-mul -mno-hw-mulx -mgpopt=global  -o obj/default/debug.o debug.c
debug.c: In function 'myprintf_hex_array':
debug.c:72:17: warning: pointer targets in passing argument 1 of 'sprintf' differ in signedness [-Wpointer-sign]
   72 |         sprintf(szText, "[%02X]", *(pHex+i));
      |                 ^~~~~~
      |                 |
      |                 unsigned char *
In file included from debug.c:32:
c:\intelfpga_lite\20.1\nios2eds\bin\gnu\h-x86_64-mingw32\nios2-elf\include\stdio.h:244:14: note: expected 'char * restrict' but argument is of type 'unsigned char *'
  244 | int sprintf (char *__restrict, const char *__restrict, ...)
      |              ^
In file included from my_includes.h:53,
                 from debug.c:34:
debug.c:73:16: warning: pointer targets in passing argument 1 of 'myprintf' differ in signedness [-Wpointer-sign]
   73 |         DEBUG((szText));
      |                ^~~~~~
      |                |
      |                unsigned char *
debug.h:47:42: note: in definition of macro 'DEBUG'
   47 | #define DEBUG(x)               {myprintf x;}  // standard in/out, specifed in project (it could be uart, jtag, or lcd)
      |                                          ^
debug.c:53:20: note: expected 'char *' but argument is of type 'unsigned char *'
   53 | int myprintf(char *format, ...){
      |              ~~~~~~^~~~~~
Info: Compiling main.c to obj/default/main.o
nios2-elf-gcc.exe -xc -MP -MMD -c -Ic:/repos/fpga_dsp/audio_sdram/software/audio_feed_7_bsp//HAL/inc -Ic:/repos/fpga_dsp/audio_sdram/software/audio_feed_7_bsp/ -Ic:/repos/fpga_dsp/audio_sdram/software/audio_feed_7_bsp//drivers/inc  -pipe -D__hal__ -DALT_NO_INSTRUCTION_EMULATION -DALT_SINGLE_THREADED    -O0 -g -Wall   -mno-hw-div -mno-hw-mul -mno-hw-mulx -mgpopt=global  -o obj/default/main.o main.c
main.c: In function 'record_to_play':
main.c:452:8: warning: suggest parentheses around comparison in operand of '==' [-Wparentheses]
  452 |   if(w < WORDS == FALSE){
      |        ^
main.c:445:11: warning: unused variable 'R_out' [-Wunused-variable]
  445 |   int16_t R_out = (int16_t)(word_out & 0xFFFF);
      |           ^~~~~
main.c: In function 'main':
main.c:584:12: warning: unused variable 'w_x' [-Wunused-variable]
  584 |  const int w_x    = 8192;   // ≈0.25
      |            ^~~
main.c:583:12: warning: unused variable 'w_main' [-Wunused-variable]
  583 |  const int w_main = 26214;  // ≈0.8
      |            ^~~~~~
main.c:581:11: warning: unused variable 'offset' [-Wunused-variable]
  581 |  uint32_t offset = 0;
      |           ^~~~~~
main.c:579:19: warning: unused variable 'value_r' [-Wunused-variable]
  579 |  alt_u16 value_l, value_r;
      |                   ^~~~~~~
main.c:579:10: warning: unused variable 'value_l' [-Wunused-variable]
  579 |  alt_u16 value_l, value_r;
      |          ^~~~~~~
main.c:578:10: warning: unused variable 'data' [-Wunused-variable]
  578 |  alt_u32 data;
      |          ^~~~
main.c:577:20: warning: unused variable 'ch_left' [-Wunused-variable]
  577 |  alt_u16 ch_right, ch_left;
      |                    ^~~~~~~
main.c:577:10: warning: unused variable 'ch_right' [-Wunused-variable]
  577 |  alt_u16 ch_right, ch_left;
      |          ^~~~~~~~
At top level:
main.c:429:13: warning: 'record_to_play' defined but not used [-Wunused-function]
  429 | static void record_to_play(void){
      |             ^~~~~~~~~~~~~~
main.c:414:13: warning: 'play_from_sdram' defined but not used [-Wunused-function]
  414 | static void play_from_sdram(uint32_t words){
      |             ^~~~~~~~~~~~~~~
main.c:401:17: warning: 'record_to_sdram' defined but not used [-Wunused-function]
  401 | static uint32_t record_to_sdram(void){
      |                 ^~~~~~~~~~~~~~~
main.c:381:79: warning: 'tick_6' defined but not used [-Wunused-variable]
  381 | static uint32_t lw=0, rw=0, tick=0, tick_2=0, tick_3=0, tick_4 = 0, tick_5=0, tick_6=0;
      |                                                                               ^~~~~~
main.c:381:69: warning: 'tick_5' defined but not used [-Wunused-variable]
  381 | static uint32_t lw=0, rw=0, tick=0, tick_2=0, tick_3=0, tick_4 = 0, tick_5=0, tick_6=0;
      |                                                                     ^~~~~~
main.c:381:47: warning: 'tick_3' defined but not used [-Wunused-variable]
  381 | static uint32_t lw=0, rw=0, tick=0, tick_2=0, tick_3=0, tick_4 = 0, tick_5=0, tick_6=0;
      |                                               ^~~~~~
main.c:381:29: warning: 'tick' defined but not used [-Wunused-variable]
  381 | static uint32_t lw=0, rw=0, tick=0, tick_2=0, tick_3=0, tick_4 = 0, tick_5=0, tick_6=0;
      |                             ^~~~
main.c:381:23: warning: 'rw' defined but not used [-Wunused-variable]
  381 | static uint32_t lw=0, rw=0, tick=0, tick_2=0, tick_3=0, tick_4 = 0, tick_5=0, tick_6=0;
      |                       ^~
main.c:381:17: warning: 'lw' defined but not used [-Wunused-variable]
  381 | static uint32_t lw=0, rw=0, tick=0, tick_2=0, tick_3=0, tick_4 = 0, tick_5=0, tick_6=0;
      |                 ^~
Info: Compiling overdrive.c to obj/default/overdrive.o
nios2-elf-gcc.exe -xc -MP -MMD -c -Ic:/repos/fpga_dsp/audio_sdram/software/audio_feed_7_bsp//HAL/inc -Ic:/repos/fpga_dsp/audio_sdram/software/audio_feed_7_bsp/ -Ic:/repos/fpga_dsp/audio_sdram/software/audio_feed_7_bsp//drivers/inc  -pipe -D__hal__ -DALT_NO_INSTRUCTION_EMULATION -DALT_SINGLE_THREADED    -O0 -g -Wall   -mno-hw-div -mno-hw-mul -mno-hw-mulx -mgpopt=global  -o obj/default/overdrive.o overdrive.c
overdrive.c: In function 'od_set_mix_f':
overdrive.c:91:5: warning: this 'if' clause does not guard... [-Wmisleading-indentation]
   91 |     if (m < 0.0f) m = 0.0f; if (m > 1.0f) m = 1.0f;
      |     ^~
overdrive.c:91:29: note: ...this statement, but the latter is misleadingly indented as if it were guarded by the 'if'
   91 |     if (m < 0.0f) m = 0.0f; if (m > 1.0f) m = 1.0f;
      |                             ^~
overdrive.c: In function 'od_process_sample':
overdrive.c:115:13: warning: unused variable 'wet' [-Wunused-variable]
  115 |     int32_t wet  = q15_mul(y,           od->mix_q15);           // Q1.15
      |             ^~~
Info: Linking audio_feed_7.elf
nios2-elf-g++.exe  -T'c:/repos/fpga_dsp/audio_sdram/software/audio_feed_7_bsp//linker.x' -msys-crt0='c:/repos/fpga_dsp/audio_sdram/software/audio_feed_7_bsp//obj/HAL/src/crt0.o' -msys-lib=hal_bsp -Lc:/repos/fpga_dsp/audio_sdram/software/audio_feed_7_bsp/   -Wl,-Map=audio_feed_7.map   -O0 -g -Wall   -mno-hw-div -mno-hw-mul -mno-hw-mulx -mgpopt=global  -o audio_feed_7.elf obj/default/AUDIO.o obj/default/I2C.o obj/default/LED.o obj/default/SEG7.o obj/default/debug.o obj/default/main.o obj/default/overdrive.o -lm -msys-lib=m
nios2-elf-insert.exe audio_feed_7.elf --thread_model hal --cpu_name nios2_gen2_0 --qsys true --simulation_enabled false --id 0 --sidp 0x5101048 --timestamp 1756386196 --stderr_dev jtag_uart --stdin_dev jtag_uart --stdout_dev jtag_uart --sopc_system_name audio_feed --quartus_project_dir "c:/repos/fpga_dsp/audio_sdram" --jdi ../..//output_files/audio_feed.jdi
Info: (audio_feed_7.elf) 112 KBytes program size (code + initialized data).
Info:                    65523 KBytes free for stack + heap.
Info: Creating audio_feed_7.objdump
nios2-elf-objdump.exe --disassemble --syms --all-header --source audio_feed_7.elf >audio_feed_7.objdump
[audio_feed_7 build complete]
22:21:12 **** Build of configuration Nios II for project audio_feed_7 ****
wsl make all 
Info: Building /mnt/c/repos/fpga_dsp/audio_sdram/software/audio_feed_7_bsp/
make --no-print-directory -C /mnt/c/repos/fpga_dsp/audio_sdram/software/audio_feed_7_bsp/
[BSP build complete]
[audio_feed_7 build complete]
22:21:13 **** Incremental Build of configuration Nios II for project audio_feed_7 ****
wsl make all 
Info: Building /mnt/c/repos/fpga_dsp/audio_sdram/software/audio_feed_7_bsp/
make --no-print-directory -C /mnt/c/repos/fpga_dsp/audio_sdram/software/audio_feed_7_bsp/
[BSP build complete]
[audio_feed_7 build complete]
22:41:47 **** Clean-only build of configuration Nios II for project audio_feed_7 ****
wsl make clean 
[audio_feed_7 clean complete]
22:41:48 **** Build of configuration Nios II for project audio_feed_7 ****
wsl make all 
Info: Building /mnt/c/repos/fpga_dsp/audio_sdram/software/audio_feed_7_bsp/
make --no-print-directory -C /mnt/c/repos/fpga_dsp/audio_sdram/software/audio_feed_7_bsp/
[BSP build complete]
Info: Compiling AUDIO.c to obj/default/AUDIO.o
nios2-elf-gcc.exe -xc -MP -MMD -c -Ic:/repos/fpga_dsp/audio_sdram/software/audio_feed_7_bsp//HAL/inc -Ic:/repos/fpga_dsp/audio_sdram/software/audio_feed_7_bsp/ -Ic:/repos/fpga_dsp/audio_sdram/software/audio_feed_7_bsp//drivers/inc  -pipe -D__hal__ -DALT_NO_INSTRUCTION_EMULATION -DALT_SINGLE_THREADED    -O0 -g -Wall   -mno-hw-div -mno-hw-mul -mno-hw-mulx -mgpopt=global  -o obj/default/AUDIO.o AUDIO.c
Info: Compiling I2C.c to obj/default/I2C.o
nios2-elf-gcc.exe -xc -MP -MMD -c -Ic:/repos/fpga_dsp/audio_sdram/software/audio_feed_7_bsp//HAL/inc -Ic:/repos/fpga_dsp/audio_sdram/software/audio_feed_7_bsp/ -Ic:/repos/fpga_dsp/audio_sdram/software/audio_feed_7_bsp//drivers/inc  -pipe -D__hal__ -DALT_NO_INSTRUCTION_EMULATION -DALT_SINGLE_THREADED    -O0 -g -Wall   -mno-hw-div -mno-hw-mul -mno-hw-mulx -mgpopt=global  -o obj/default/I2C.o I2C.c
Info: Compiling LED.c to obj/default/LED.o
nios2-elf-gcc.exe -xc -MP -MMD -c -Ic:/repos/fpga_dsp/audio_sdram/software/audio_feed_7_bsp//HAL/inc -Ic:/repos/fpga_dsp/audio_sdram/software/audio_feed_7_bsp/ -Ic:/repos/fpga_dsp/audio_sdram/software/audio_feed_7_bsp//drivers/inc  -pipe -D__hal__ -DALT_NO_INSTRUCTION_EMULATION -DALT_SINGLE_THREADED    -O0 -g -Wall   -mno-hw-div -mno-hw-mul -mno-hw-mulx -mgpopt=global  -o obj/default/LED.o LED.c
Info: Compiling SEG7.c to obj/default/SEG7.o
nios2-elf-gcc.exe -xc -MP -MMD -c -Ic:/repos/fpga_dsp/audio_sdram/software/audio_feed_7_bsp//HAL/inc -Ic:/repos/fpga_dsp/audio_sdram/software/audio_feed_7_bsp/ -Ic:/repos/fpga_dsp/audio_sdram/software/audio_feed_7_bsp//drivers/inc  -pipe -D__hal__ -DALT_NO_INSTRUCTION_EMULATION -DALT_SINGLE_THREADED    -O0 -g -Wall   -mno-hw-div -mno-hw-mul -mno-hw-mulx -mgpopt=global  -o obj/default/SEG7.o SEG7.c
Info: Compiling debug.c to obj/default/debug.o
nios2-elf-gcc.exe -xc -MP -MMD -c -Ic:/repos/fpga_dsp/audio_sdram/software/audio_feed_7_bsp//HAL/inc -Ic:/repos/fpga_dsp/audio_sdram/software/audio_feed_7_bsp/ -Ic:/repos/fpga_dsp/audio_sdram/software/audio_feed_7_bsp//drivers/inc  -pipe -D__hal__ -DALT_NO_INSTRUCTION_EMULATION -DALT_SINGLE_THREADED    -O0 -g -Wall   -mno-hw-div -mno-hw-mul -mno-hw-mulx -mgpopt=global  -o obj/default/debug.o debug.c
debug.c: In function 'myprintf_hex_array':
debug.c:72:17: warning: pointer targets in passing argument 1 of 'sprintf' differ in signedness [-Wpointer-sign]
   72 |         sprintf(szText, "[%02X]", *(pHex+i));
      |                 ^~~~~~
      |                 |
      |                 unsigned char *
In file included from debug.c:32:
c:\intelfpga_lite\20.1\nios2eds\bin\gnu\h-x86_64-mingw32\nios2-elf\include\stdio.h:244:14: note: expected 'char * restrict' but argument is of type 'unsigned char *'
  244 | int sprintf (char *__restrict, const char *__restrict, ...)
      |              ^
In file included from my_includes.h:53,
                 from debug.c:34:
debug.c:73:16: warning: pointer targets in passing argument 1 of 'myprintf' differ in signedness [-Wpointer-sign]
   73 |         DEBUG((szText));
      |                ^~~~~~
      |                |
      |                unsigned char *
debug.h:47:42: note: in definition of macro 'DEBUG'
   47 | #define DEBUG(x)               {myprintf x;}  // standard in/out, specifed in project (it could be uart, jtag, or lcd)
      |                                          ^
debug.c:53:20: note: expected 'char *' but argument is of type 'unsigned char *'
   53 | int myprintf(char *format, ...){
      |              ~~~~~~^~~~~~
Info: Compiling main.c to obj/default/main.o
nios2-elf-gcc.exe -xc -MP -MMD -c -Ic:/repos/fpga_dsp/audio_sdram/software/audio_feed_7_bsp//HAL/inc -Ic:/repos/fpga_dsp/audio_sdram/software/audio_feed_7_bsp/ -Ic:/repos/fpga_dsp/audio_sdram/software/audio_feed_7_bsp//drivers/inc  -pipe -D__hal__ -DALT_NO_INSTRUCTION_EMULATION -DALT_SINGLE_THREADED    -O0 -g -Wall   -mno-hw-div -mno-hw-mul -mno-hw-mulx -mgpopt=global  -o obj/default/main.o main.c
main.c: In function 'record_to_play':
main.c:452:8: warning: suggest parentheses around comparison in operand of '==' [-Wparentheses]
  452 |   if(w < WORDS == FALSE){
      |        ^
main.c:445:11: warning: unused variable 'R_out' [-Wunused-variable]
  445 |   int16_t R_out = (int16_t)(word_out & 0xFFFF);
      |           ^~~~~
main.c: In function 'main':
main.c:584:12: warning: unused variable 'w_x' [-Wunused-variable]
  584 |  const int w_x    = 8192;   // ≈0.25
      |            ^~~
main.c:583:12: warning: unused variable 'w_main' [-Wunused-variable]
  583 |  const int w_main = 26214;  // ≈0.8
      |            ^~~~~~
main.c:581:11: warning: unused variable 'offset' [-Wunused-variable]
  581 |  uint32_t offset = 0;
      |           ^~~~~~
main.c:579:19: warning: unused variable 'value_r' [-Wunused-variable]
  579 |  alt_u16 value_l, value_r;
      |                   ^~~~~~~
main.c:579:10: warning: unused variable 'value_l' [-Wunused-variable]
  579 |  alt_u16 value_l, value_r;
      |          ^~~~~~~
main.c:578:10: warning: unused variable 'data' [-Wunused-variable]
  578 |  alt_u32 data;
      |          ^~~~
main.c:577:20: warning: unused variable 'ch_left' [-Wunused-variable]
  577 |  alt_u16 ch_right, ch_left;
      |                    ^~~~~~~
main.c:577:10: warning: unused variable 'ch_right' [-Wunused-variable]
  577 |  alt_u16 ch_right, ch_left;
      |          ^~~~~~~~
At top level:
main.c:429:13: warning: 'record_to_play' defined but not used [-Wunused-function]
  429 | static void record_to_play(void){
      |             ^~~~~~~~~~~~~~
main.c:414:13: warning: 'play_from_sdram' defined but not used [-Wunused-function]
  414 | static void play_from_sdram(uint32_t words){
      |             ^~~~~~~~~~~~~~~
main.c:401:17: warning: 'record_to_sdram' defined but not used [-Wunused-function]
  401 | static uint32_t record_to_sdram(void){
      |                 ^~~~~~~~~~~~~~~
main.c:381:79: warning: 'tick_6' defined but not used [-Wunused-variable]
  381 | static uint32_t lw=0, rw=0, tick=0, tick_2=0, tick_3=0, tick_4 = 0, tick_5=0, tick_6=0;
      |                                                                               ^~~~~~
main.c:381:69: warning: 'tick_5' defined but not used [-Wunused-variable]
  381 | static uint32_t lw=0, rw=0, tick=0, tick_2=0, tick_3=0, tick_4 = 0, tick_5=0, tick_6=0;
      |                                                                     ^~~~~~
main.c:381:47: warning: 'tick_3' defined but not used [-Wunused-variable]
  381 | static uint32_t lw=0, rw=0, tick=0, tick_2=0, tick_3=0, tick_4 = 0, tick_5=0, tick_6=0;
      |                                               ^~~~~~
main.c:381:29: warning: 'tick' defined but not used [-Wunused-variable]
  381 | static uint32_t lw=0, rw=0, tick=0, tick_2=0, tick_3=0, tick_4 = 0, tick_5=0, tick_6=0;
      |                             ^~~~
main.c:381:23: warning: 'rw' defined but not used [-Wunused-variable]
  381 | static uint32_t lw=0, rw=0, tick=0, tick_2=0, tick_3=0, tick_4 = 0, tick_5=0, tick_6=0;
      |                       ^~
main.c:381:17: warning: 'lw' defined but not used [-Wunused-variable]
  381 | static uint32_t lw=0, rw=0, tick=0, tick_2=0, tick_3=0, tick_4 = 0, tick_5=0, tick_6=0;
      |                 ^~
Info: Compiling overdrive.c to obj/default/overdrive.o
nios2-elf-gcc.exe -xc -MP -MMD -c -Ic:/repos/fpga_dsp/audio_sdram/software/audio_feed_7_bsp//HAL/inc -Ic:/repos/fpga_dsp/audio_sdram/software/audio_feed_7_bsp/ -Ic:/repos/fpga_dsp/audio_sdram/software/audio_feed_7_bsp//drivers/inc  -pipe -D__hal__ -DALT_NO_INSTRUCTION_EMULATION -DALT_SINGLE_THREADED    -O0 -g -Wall   -mno-hw-div -mno-hw-mul -mno-hw-mulx -mgpopt=global  -o obj/default/overdrive.o overdrive.c
overdrive.c: In function 'od_set_mix_f':
overdrive.c:91:5: warning: this 'if' clause does not guard... [-Wmisleading-indentation]
   91 |     if (m < 0.0f) m = 0.0f; if (m > 1.0f) m = 1.0f;
      |     ^~
overdrive.c:91:29: note: ...this statement, but the latter is misleadingly indented as if it were guarded by the 'if'
   91 |     if (m < 0.0f) m = 0.0f; if (m > 1.0f) m = 1.0f;
      |                             ^~
overdrive.c: In function 'od_process_sample':
overdrive.c:116:13: warning: unused variable 'dry' [-Wunused-variable]
  116 |     int32_t dry  = q15_mul(dry_q15, (32767 - od->mix_q15));     // Q1.15
      |             ^~~
overdrive.c:115:13: warning: unused variable 'wet' [-Wunused-variable]
  115 |     int32_t wet  = q15_mul(y,           od->mix_q15);           // Q1.15
      |             ^~~
Info: Linking audio_feed_7.elf
nios2-elf-g++.exe  -T'c:/repos/fpga_dsp/audio_sdram/software/audio_feed_7_bsp//linker.x' -msys-crt0='c:/repos/fpga_dsp/audio_sdram/software/audio_feed_7_bsp//obj/HAL/src/crt0.o' -msys-lib=hal_bsp -Lc:/repos/fpga_dsp/audio_sdram/software/audio_feed_7_bsp/   -Wl,-Map=audio_feed_7.map   -O0 -g -Wall   -mno-hw-div -mno-hw-mul -mno-hw-mulx -mgpopt=global  -o audio_feed_7.elf obj/default/AUDIO.o obj/default/I2C.o obj/default/LED.o obj/default/SEG7.o obj/default/debug.o obj/default/main.o obj/default/overdrive.o -lm -msys-lib=m
nios2-elf-insert.exe audio_feed_7.elf --thread_model hal --cpu_name nios2_gen2_0 --qsys true --simulation_enabled false --id 0 --sidp 0x5101048 --timestamp 1756386196 --stderr_dev jtag_uart --stdin_dev jtag_uart --stdout_dev jtag_uart --sopc_system_name audio_feed --quartus_project_dir "c:/repos/fpga_dsp/audio_sdram" --jdi ../..//output_files/audio_feed.jdi
Info: (audio_feed_7.elf) 112 KBytes program size (code + initialized data).
Info:                    65523 KBytes free for stack + heap.
Info: Creating audio_feed_7.objdump
nios2-elf-objdump.exe --disassemble --syms --all-header --source audio_feed_7.elf >audio_feed_7.objdump
[audio_feed_7 build complete]
22:42:15 **** Build of configuration Nios II for project audio_feed_7 ****
wsl make all 
Info: Building /mnt/c/repos/fpga_dsp/audio_sdram/software/audio_feed_7_bsp/
make --no-print-directory -C /mnt/c/repos/fpga_dsp/audio_sdram/software/audio_feed_7_bsp/
[BSP build complete]
[audio_feed_7 build complete]
22:42:16 **** Incremental Build of configuration Nios II for project audio_feed_7 ****
wsl make all 
Info: Building /mnt/c/repos/fpga_dsp/audio_sdram/software/audio_feed_7_bsp/
make --no-print-directory -C /mnt/c/repos/fpga_dsp/audio_sdram/software/audio_feed_7_bsp/
[BSP build complete]
[audio_feed_7 build complete]
22:43:29 **** Clean-only build of configuration Nios II for project audio_feed_7 ****
wsl make clean 
[audio_feed_7 clean complete]
22:43:31 **** Build of configuration Nios II for project audio_feed_7 ****
wsl make all 
Info: Building /mnt/c/repos/fpga_dsp/audio_sdram/software/audio_feed_7_bsp/
make --no-print-directory -C /mnt/c/repos/fpga_dsp/audio_sdram/software/audio_feed_7_bsp/
[BSP build complete]
Info: Compiling AUDIO.c to obj/default/AUDIO.o
nios2-elf-gcc.exe -xc -MP -MMD -c -Ic:/repos/fpga_dsp/audio_sdram/software/audio_feed_7_bsp//HAL/inc -Ic:/repos/fpga_dsp/audio_sdram/software/audio_feed_7_bsp/ -Ic:/repos/fpga_dsp/audio_sdram/software/audio_feed_7_bsp//drivers/inc  -pipe -D__hal__ -DALT_NO_INSTRUCTION_EMULATION -DALT_SINGLE_THREADED    -O0 -g -Wall   -mno-hw-div -mno-hw-mul -mno-hw-mulx -mgpopt=global  -o obj/default/AUDIO.o AUDIO.c
Info: Compiling I2C.c to obj/default/I2C.o
nios2-elf-gcc.exe -xc -MP -MMD -c -Ic:/repos/fpga_dsp/audio_sdram/software/audio_feed_7_bsp//HAL/inc -Ic:/repos/fpga_dsp/audio_sdram/software/audio_feed_7_bsp/ -Ic:/repos/fpga_dsp/audio_sdram/software/audio_feed_7_bsp//drivers/inc  -pipe -D__hal__ -DALT_NO_INSTRUCTION_EMULATION -DALT_SINGLE_THREADED    -O0 -g -Wall   -mno-hw-div -mno-hw-mul -mno-hw-mulx -mgpopt=global  -o obj/default/I2C.o I2C.c
Info: Compiling LED.c to obj/default/LED.o
nios2-elf-gcc.exe -xc -MP -MMD -c -Ic:/repos/fpga_dsp/audio_sdram/software/audio_feed_7_bsp//HAL/inc -Ic:/repos/fpga_dsp/audio_sdram/software/audio_feed_7_bsp/ -Ic:/repos/fpga_dsp/audio_sdram/software/audio_feed_7_bsp//drivers/inc  -pipe -D__hal__ -DALT_NO_INSTRUCTION_EMULATION -DALT_SINGLE_THREADED    -O0 -g -Wall   -mno-hw-div -mno-hw-mul -mno-hw-mulx -mgpopt=global  -o obj/default/LED.o LED.c
Info: Compiling SEG7.c to obj/default/SEG7.o
nios2-elf-gcc.exe -xc -MP -MMD -c -Ic:/repos/fpga_dsp/audio_sdram/software/audio_feed_7_bsp//HAL/inc -Ic:/repos/fpga_dsp/audio_sdram/software/audio_feed_7_bsp/ -Ic:/repos/fpga_dsp/audio_sdram/software/audio_feed_7_bsp//drivers/inc  -pipe -D__hal__ -DALT_NO_INSTRUCTION_EMULATION -DALT_SINGLE_THREADED    -O0 -g -Wall   -mno-hw-div -mno-hw-mul -mno-hw-mulx -mgpopt=global  -o obj/default/SEG7.o SEG7.c
Info: Compiling debug.c to obj/default/debug.o
nios2-elf-gcc.exe -xc -MP -MMD -c -Ic:/repos/fpga_dsp/audio_sdram/software/audio_feed_7_bsp//HAL/inc -Ic:/repos/fpga_dsp/audio_sdram/software/audio_feed_7_bsp/ -Ic:/repos/fpga_dsp/audio_sdram/software/audio_feed_7_bsp//drivers/inc  -pipe -D__hal__ -DALT_NO_INSTRUCTION_EMULATION -DALT_SINGLE_THREADED    -O0 -g -Wall   -mno-hw-div -mno-hw-mul -mno-hw-mulx -mgpopt=global  -o obj/default/debug.o debug.c
debug.c: In function 'myprintf_hex_array':
debug.c:72:17: warning: pointer targets in passing argument 1 of 'sprintf' differ in signedness [-Wpointer-sign]
   72 |         sprintf(szText, "[%02X]", *(pHex+i));
      |                 ^~~~~~
      |                 |
      |                 unsigned char *
In file included from debug.c:32:
c:\intelfpga_lite\20.1\nios2eds\bin\gnu\h-x86_64-mingw32\nios2-elf\include\stdio.h:244:14: note: expected 'char * restrict' but argument is of type 'unsigned char *'
  244 | int sprintf (char *__restrict, const char *__restrict, ...)
      |              ^
In file included from my_includes.h:53,
                 from debug.c:34:
debug.c:73:16: warning: pointer targets in passing argument 1 of 'myprintf' differ in signedness [-Wpointer-sign]
   73 |         DEBUG((szText));
      |                ^~~~~~
      |                |
      |                unsigned char *
debug.h:47:42: note: in definition of macro 'DEBUG'
   47 | #define DEBUG(x)               {myprintf x;}  // standard in/out, specifed in project (it could be uart, jtag, or lcd)
      |                                          ^
debug.c:53:20: note: expected 'char *' but argument is of type 'unsigned char *'
   53 | int myprintf(char *format, ...){
      |              ~~~~~~^~~~~~
Info: Compiling main.c to obj/default/main.o
nios2-elf-gcc.exe -xc -MP -MMD -c -Ic:/repos/fpga_dsp/audio_sdram/software/audio_feed_7_bsp//HAL/inc -Ic:/repos/fpga_dsp/audio_sdram/software/audio_feed_7_bsp/ -Ic:/repos/fpga_dsp/audio_sdram/software/audio_feed_7_bsp//drivers/inc  -pipe -D__hal__ -DALT_NO_INSTRUCTION_EMULATION -DALT_SINGLE_THREADED    -O0 -g -Wall   -mno-hw-div -mno-hw-mul -mno-hw-mulx -mgpopt=global  -o obj/default/main.o main.c
main.c: In function 'record_to_play':
main.c:452:8: warning: suggest parentheses around comparison in operand of '==' [-Wparentheses]
  452 |   if(w < WORDS == FALSE){
      |        ^
main.c:445:11: warning: unused variable 'R_out' [-Wunused-variable]
  445 |   int16_t R_out = (int16_t)(word_out & 0xFFFF);
      |           ^~~~~
main.c: In function 'main':
main.c:584:12: warning: unused variable 'w_x' [-Wunused-variable]
  584 |  const int w_x    = 8192;   // ≈0.25
      |            ^~~
main.c:583:12: warning: unused variable 'w_main' [-Wunused-variable]
  583 |  const int w_main = 26214;  // ≈0.8
      |            ^~~~~~
main.c:581:11: warning: unused variable 'offset' [-Wunused-variable]
  581 |  uint32_t offset = 0;
      |           ^~~~~~
main.c:579:19: warning: unused variable 'value_r' [-Wunused-variable]
  579 |  alt_u16 value_l, value_r;
      |                   ^~~~~~~
main.c:579:10: warning: unused variable 'value_l' [-Wunused-variable]
  579 |  alt_u16 value_l, value_r;
      |          ^~~~~~~
main.c:578:10: warning: unused variable 'data' [-Wunused-variable]
  578 |  alt_u32 data;
      |          ^~~~
main.c:577:20: warning: unused variable 'ch_left' [-Wunused-variable]
  577 |  alt_u16 ch_right, ch_left;
      |                    ^~~~~~~
main.c:577:10: warning: unused variable 'ch_right' [-Wunused-variable]
  577 |  alt_u16 ch_right, ch_left;
      |          ^~~~~~~~
At top level:
main.c:429:13: warning: 'record_to_play' defined but not used [-Wunused-function]
  429 | static void record_to_play(void){
      |             ^~~~~~~~~~~~~~
main.c:414:13: warning: 'play_from_sdram' defined but not used [-Wunused-function]
  414 | static void play_from_sdram(uint32_t words){
      |             ^~~~~~~~~~~~~~~
main.c:401:17: warning: 'record_to_sdram' defined but not used [-Wunused-function]
  401 | static uint32_t record_to_sdram(void){
      |                 ^~~~~~~~~~~~~~~
main.c:381:79: warning: 'tick_6' defined but not used [-Wunused-variable]
  381 | static uint32_t lw=0, rw=0, tick=0, tick_2=0, tick_3=0, tick_4 = 0, tick_5=0, tick_6=0;
      |                                                                               ^~~~~~
main.c:381:69: warning: 'tick_5' defined but not used [-Wunused-variable]
  381 | static uint32_t lw=0, rw=0, tick=0, tick_2=0, tick_3=0, tick_4 = 0, tick_5=0, tick_6=0;
      |                                                                     ^~~~~~
main.c:381:47: warning: 'tick_3' defined but not used [-Wunused-variable]
  381 | static uint32_t lw=0, rw=0, tick=0, tick_2=0, tick_3=0, tick_4 = 0, tick_5=0, tick_6=0;
      |                                               ^~~~~~
main.c:381:29: warning: 'tick' defined but not used [-Wunused-variable]
  381 | static uint32_t lw=0, rw=0, tick=0, tick_2=0, tick_3=0, tick_4 = 0, tick_5=0, tick_6=0;
      |                             ^~~~
main.c:381:23: warning: 'rw' defined but not used [-Wunused-variable]
  381 | static uint32_t lw=0, rw=0, tick=0, tick_2=0, tick_3=0, tick_4 = 0, tick_5=0, tick_6=0;
      |                       ^~
main.c:381:17: warning: 'lw' defined but not used [-Wunused-variable]
  381 | static uint32_t lw=0, rw=0, tick=0, tick_2=0, tick_3=0, tick_4 = 0, tick_5=0, tick_6=0;
      |                 ^~
Info: Compiling overdrive.c to obj/default/overdrive.o
nios2-elf-gcc.exe -xc -MP -MMD -c -Ic:/repos/fpga_dsp/audio_sdram/software/audio_feed_7_bsp//HAL/inc -Ic:/repos/fpga_dsp/audio_sdram/software/audio_feed_7_bsp/ -Ic:/repos/fpga_dsp/audio_sdram/software/audio_feed_7_bsp//drivers/inc  -pipe -D__hal__ -DALT_NO_INSTRUCTION_EMULATION -DALT_SINGLE_THREADED    -O0 -g -Wall   -mno-hw-div -mno-hw-mul -mno-hw-mulx -mgpopt=global  -o obj/default/overdrive.o overdrive.c
overdrive.c: In function 'od_set_mix_f':
overdrive.c:91:5: warning: this 'if' clause does not guard... [-Wmisleading-indentation]
   91 |     if (m < 0.0f) m = 0.0f; if (m > 1.0f) m = 1.0f;
      |     ^~
overdrive.c:91:29: note: ...this statement, but the latter is misleadingly indented as if it were guarded by the 'if'
   91 |     if (m < 0.0f) m = 0.0f; if (m > 1.0f) m = 1.0f;
      |                             ^~
overdrive.c: In function 'od_process_sample':
overdrive.c:116:13: warning: unused variable 'dry' [-Wunused-variable]
  116 |     int32_t dry  = q15_mul(dry_q15, (32767 - od->mix_q15));     // Q1.15
      |             ^~~
overdrive.c:115:13: warning: unused variable 'wet' [-Wunused-variable]
  115 |     int32_t wet  = q15_mul(y,           od->mix_q15);           // Q1.15
      |             ^~~
Info: Linking audio_feed_7.elf
nios2-elf-g++.exe  -T'c:/repos/fpga_dsp/audio_sdram/software/audio_feed_7_bsp//linker.x' -msys-crt0='c:/repos/fpga_dsp/audio_sdram/software/audio_feed_7_bsp//obj/HAL/src/crt0.o' -msys-lib=hal_bsp -Lc:/repos/fpga_dsp/audio_sdram/software/audio_feed_7_bsp/   -Wl,-Map=audio_feed_7.map   -O0 -g -Wall   -mno-hw-div -mno-hw-mul -mno-hw-mulx -mgpopt=global  -o audio_feed_7.elf obj/default/AUDIO.o obj/default/I2C.o obj/default/LED.o obj/default/SEG7.o obj/default/debug.o obj/default/main.o obj/default/overdrive.o -lm -msys-lib=m
nios2-elf-insert.exe audio_feed_7.elf --thread_model hal --cpu_name nios2_gen2_0 --qsys true --simulation_enabled false --id 0 --sidp 0x5101048 --timestamp 1756386196 --stderr_dev jtag_uart --stdin_dev jtag_uart --stdout_dev jtag_uart --sopc_system_name audio_feed --quartus_project_dir "c:/repos/fpga_dsp/audio_sdram" --jdi ../..//output_files/audio_feed.jdi
Info: (audio_feed_7.elf) 112 KBytes program size (code + initialized data).
Info:                    65523 KBytes free for stack + heap.
Info: Creating audio_feed_7.objdump
nios2-elf-objdump.exe --disassemble --syms --all-header --source audio_feed_7.elf >audio_feed_7.objdump
[audio_feed_7 build complete]
22:43:39 **** Build of configuration Nios II for project audio_feed_7 ****
wsl make all 
Info: Building /mnt/c/repos/fpga_dsp/audio_sdram/software/audio_feed_7_bsp/
make --no-print-directory -C /mnt/c/repos/fpga_dsp/audio_sdram/software/audio_feed_7_bsp/
[BSP build complete]
[audio_feed_7 build complete]
22:43:41 **** Incremental Build of configuration Nios II for project audio_feed_7 ****
wsl make all 
Info: Building /mnt/c/repos/fpga_dsp/audio_sdram/software/audio_feed_7_bsp/
make --no-print-directory -C /mnt/c/repos/fpga_dsp/audio_sdram/software/audio_feed_7_bsp/
[BSP build complete]
[audio_feed_7 build complete]
22:59:06 **** Build of configuration Nios II for project audio_feed_7 ****
wsl make all 
Info: Building /mnt/c/repos/fpga_dsp/audio_sdram/software/audio_feed_7_bsp/
make --no-print-directory -C /mnt/c/repos/fpga_dsp/audio_sdram/software/audio_feed_7_bsp/
[BSP build complete]
[audio_feed_7 build complete]
22:59:08 **** Incremental Build of configuration Nios II for project audio_feed_7 ****
wsl make all 
Info: Building /mnt/c/repos/fpga_dsp/audio_sdram/software/audio_feed_7_bsp/
make --no-print-directory -C /mnt/c/repos/fpga_dsp/audio_sdram/software/audio_feed_7_bsp/
[BSP build complete]
[audio_feed_7 build complete]
17:46:56 **** Build of configuration Nios II for project audio_feed_7 ****
wsl make all 
Info: Building /mnt/c/repos/fpga_dsp/audio_sdram/software/audio_feed_7_bsp/
make --no-print-directory -C /mnt/c/repos/fpga_dsp/audio_sdram/software/audio_feed_7_bsp/
[BSP build complete]
[audio_feed_7 build complete]
17:46:59 **** Incremental Build of configuration Nios II for project audio_feed_7 ****
wsl make all 
Info: Building /mnt/c/repos/fpga_dsp/audio_sdram/software/audio_feed_7_bsp/
make --no-print-directory -C /mnt/c/repos/fpga_dsp/audio_sdram/software/audio_feed_7_bsp/
[BSP build complete]
[audio_feed_7 build complete]
18:08:10 **** Build of configuration Nios II for project audio_feed_7 ****
wsl make all 
Info: Building /mnt/c/repos/fpga_dsp/audio_sdram/software/audio_feed_7_bsp/
make --no-print-directory -C /mnt/c/repos/fpga_dsp/audio_sdram/software/audio_feed_7_bsp/
[BSP build complete]
[audio_feed_7 build complete]
18:08:13 **** Incremental Build of configuration Nios II for project audio_feed_7 ****
wsl make all 
Info: Building /mnt/c/repos/fpga_dsp/audio_sdram/software/audio_feed_7_bsp/
make --no-print-directory -C /mnt/c/repos/fpga_dsp/audio_sdram/software/audio_feed_7_bsp/
[BSP build complete]
[audio_feed_7 build complete]
18:55:10 **** Build of configuration Nios II for project audio_feed_7 ****
wsl make all 
Info: Building /mnt/c/repos/fpga_dsp/audio_sdram/software/audio_feed_7_bsp/
make --no-print-directory -C /mnt/c/repos/fpga_dsp/audio_sdram/software/audio_feed_7_bsp/
[BSP build complete]
[audio_feed_7 build complete]
18:55:13 **** Incremental Build of configuration Nios II for project audio_feed_7 ****
wsl make all 
Info: Building /mnt/c/repos/fpga_dsp/audio_sdram/software/audio_feed_7_bsp/
make --no-print-directory -C /mnt/c/repos/fpga_dsp/audio_sdram/software/audio_feed_7_bsp/
[BSP build complete]
[audio_feed_7 build complete]
18:58:57 **** Build of configuration Nios II for project audio_feed_7 ****
wsl make all 
Info: Building /mnt/c/repos/fpga_dsp/audio_sdram/software/audio_feed_7_bsp/
make --no-print-directory -C /mnt/c/repos/fpga_dsp/audio_sdram/software/audio_feed_7_bsp/
[BSP build complete]
[audio_feed_7 build complete]
18:58:58 **** Incremental Build of configuration Nios II for project audio_feed_7 ****
wsl make all 
Info: Building /mnt/c/repos/fpga_dsp/audio_sdram/software/audio_feed_7_bsp/
make --no-print-directory -C /mnt/c/repos/fpga_dsp/audio_sdram/software/audio_feed_7_bsp/
[BSP build complete]
[audio_feed_7 build complete]
19:01:12 **** Build of configuration Nios II for project audio_feed_7 ****
wsl make all 
Info: Building /mnt/c/repos/fpga_dsp/audio_sdram/software/audio_feed_7_bsp/
make --no-print-directory -C /mnt/c/repos/fpga_dsp/audio_sdram/software/audio_feed_7_bsp/
[BSP build complete]
[audio_feed_7 build complete]
19:01:13 **** Incremental Build of configuration Nios II for project audio_feed_7 ****
wsl make all 
Info: Building /mnt/c/repos/fpga_dsp/audio_sdram/software/audio_feed_7_bsp/
make --no-print-directory -C /mnt/c/repos/fpga_dsp/audio_sdram/software/audio_feed_7_bsp/
[BSP build complete]
[audio_feed_7 build complete]
19:10:42 **** Build of configuration Nios II for project audio_feed_7 ****
wsl make all 
Info: Building /mnt/c/repos/fpga_dsp/audio_sdram/software/audio_feed_7_bsp/
make --no-print-directory -C /mnt/c/repos/fpga_dsp/audio_sdram/software/audio_feed_7_bsp/
[BSP build complete]
[audio_feed_7 build complete]
19:10:43 **** Incremental Build of configuration Nios II for project audio_feed_7 ****
wsl make all 
Info: Building /mnt/c/repos/fpga_dsp/audio_sdram/software/audio_feed_7_bsp/
make --no-print-directory -C /mnt/c/repos/fpga_dsp/audio_sdram/software/audio_feed_7_bsp/
[BSP build complete]
[audio_feed_7 build complete]
19:15:54 **** Build of configuration Nios II for project audio_feed_7 ****
wsl make all 
Info: Building /mnt/c/repos/fpga_dsp/audio_sdram/software/audio_feed_7_bsp/
make --no-print-directory -C /mnt/c/repos/fpga_dsp/audio_sdram/software/audio_feed_7_bsp/
[BSP build complete]
[audio_feed_7 build complete]
19:15:55 **** Incremental Build of configuration Nios II for project audio_feed_7 ****
wsl make all 
Info: Building /mnt/c/repos/fpga_dsp/audio_sdram/software/audio_feed_7_bsp/
make --no-print-directory -C /mnt/c/repos/fpga_dsp/audio_sdram/software/audio_feed_7_bsp/
[BSP build complete]
[audio_feed_7 build complete]
19:36:58 **** Build of configuration Nios II for project audio_feed_7 ****
wsl make all 
Info: Building /mnt/c/repos/fpga_dsp/audio_sdram/software/audio_feed_7_bsp/
make --no-print-directory -C /mnt/c/repos/fpga_dsp/audio_sdram/software/audio_feed_7_bsp/
[BSP build complete]
[audio_feed_7 build complete]
19:36:59 **** Incremental Build of configuration Nios II for project audio_feed_7 ****
wsl make all 
Info: Building /mnt/c/repos/fpga_dsp/audio_sdram/software/audio_feed_7_bsp/
make --no-print-directory -C /mnt/c/repos/fpga_dsp/audio_sdram/software/audio_feed_7_bsp/
[BSP build complete]
[audio_feed_7 build complete]
19:50:30 **** Build of configuration Nios II for project audio_feed_7 ****
wsl make all 
Info: Building /mnt/c/repos/fpga_dsp/audio_sdram/software/audio_feed_7_bsp/
make --no-print-directory -C /mnt/c/repos/fpga_dsp/audio_sdram/software/audio_feed_7_bsp/
[BSP build complete]
[audio_feed_7 build complete]
19:50:32 **** Incremental Build of configuration Nios II for project audio_feed_7 ****
wsl make all 
Info: Building /mnt/c/repos/fpga_dsp/audio_sdram/software/audio_feed_7_bsp/
make --no-print-directory -C /mnt/c/repos/fpga_dsp/audio_sdram/software/audio_feed_7_bsp/
[BSP build complete]
[audio_feed_7 build complete]
19:52:43 **** Clean-only build of configuration Nios II for project audio_feed_7 ****
wsl make clean 
[audio_feed_7 clean complete]
19:52:44 **** Build of configuration Nios II for project audio_feed_7 ****
wsl make all 
Info: Building /mnt/c/repos/fpga_dsp/audio_sdram/software/audio_feed_7_bsp/
make --no-print-directory -C /mnt/c/repos/fpga_dsp/audio_sdram/software/audio_feed_7_bsp/
[BSP build complete]
Info: Compiling AUDIO.c to obj/default/AUDIO.o
nios2-elf-gcc.exe -xc -MP -MMD -c -Ic:/repos/fpga_dsp/audio_sdram/software/audio_feed_7_bsp//HAL/inc -Ic:/repos/fpga_dsp/audio_sdram/software/audio_feed_7_bsp/ -Ic:/repos/fpga_dsp/audio_sdram/software/audio_feed_7_bsp//drivers/inc  -pipe -D__hal__ -DALT_NO_INSTRUCTION_EMULATION -DALT_SINGLE_THREADED    -O0 -g -Wall   -mno-hw-div -mno-hw-mul -mno-hw-mulx -mgpopt=global  -o obj/default/AUDIO.o AUDIO.c
Info: Compiling I2C.c to obj/default/I2C.o
nios2-elf-gcc.exe -xc -MP -MMD -c -Ic:/repos/fpga_dsp/audio_sdram/software/audio_feed_7_bsp//HAL/inc -Ic:/repos/fpga_dsp/audio_sdram/software/audio_feed_7_bsp/ -Ic:/repos/fpga_dsp/audio_sdram/software/audio_feed_7_bsp//drivers/inc  -pipe -D__hal__ -DALT_NO_INSTRUCTION_EMULATION -DALT_SINGLE_THREADED    -O0 -g -Wall   -mno-hw-div -mno-hw-mul -mno-hw-mulx -mgpopt=global  -o obj/default/I2C.o I2C.c
Info: Compiling LED.c to obj/default/LED.o
nios2-elf-gcc.exe -xc -MP -MMD -c -Ic:/repos/fpga_dsp/audio_sdram/software/audio_feed_7_bsp//HAL/inc -Ic:/repos/fpga_dsp/audio_sdram/software/audio_feed_7_bsp/ -Ic:/repos/fpga_dsp/audio_sdram/software/audio_feed_7_bsp//drivers/inc  -pipe -D__hal__ -DALT_NO_INSTRUCTION_EMULATION -DALT_SINGLE_THREADED    -O0 -g -Wall   -mno-hw-div -mno-hw-mul -mno-hw-mulx -mgpopt=global  -o obj/default/LED.o LED.c
Info: Compiling SEG7.c to obj/default/SEG7.o
nios2-elf-gcc.exe -xc -MP -MMD -c -Ic:/repos/fpga_dsp/audio_sdram/software/audio_feed_7_bsp//HAL/inc -Ic:/repos/fpga_dsp/audio_sdram/software/audio_feed_7_bsp/ -Ic:/repos/fpga_dsp/audio_sdram/software/audio_feed_7_bsp//drivers/inc  -pipe -D__hal__ -DALT_NO_INSTRUCTION_EMULATION -DALT_SINGLE_THREADED    -O0 -g -Wall   -mno-hw-div -mno-hw-mul -mno-hw-mulx -mgpopt=global  -o obj/default/SEG7.o SEG7.c
Info: Compiling debug.c to obj/default/debug.o
nios2-elf-gcc.exe -xc -MP -MMD -c -Ic:/repos/fpga_dsp/audio_sdram/software/audio_feed_7_bsp//HAL/inc -Ic:/repos/fpga_dsp/audio_sdram/software/audio_feed_7_bsp/ -Ic:/repos/fpga_dsp/audio_sdram/software/audio_feed_7_bsp//drivers/inc  -pipe -D__hal__ -DALT_NO_INSTRUCTION_EMULATION -DALT_SINGLE_THREADED    -O0 -g -Wall   -mno-hw-div -mno-hw-mul -mno-hw-mulx -mgpopt=global  -o obj/default/debug.o debug.c
debug.c: In function 'myprintf_hex_array':
debug.c:72:17: warning: pointer targets in passing argument 1 of 'sprintf' differ in signedness [-Wpointer-sign]
   72 |         sprintf(szText, "[%02X]", *(pHex+i));
      |                 ^~~~~~
Info: Compiling main.c to obj/default/main.o
      |                 |
nios2-elf-gcc.exe -xc -MP -MMD -c -Ic:/repos/fpga_dsp/audio_sdram/software/audio_feed_7_bsp//HAL/inc -Ic:/repos/fpga_dsp/audio_sdram/software/audio_feed_7_bsp/ -Ic:/repos/fpga_dsp/audio_sdram/software/audio_feed_7_bsp//drivers/inc  -pipe -D__hal__ -DALT_NO_INSTRUCTION_EMULATION -DALT_SINGLE_THREADED    -O0 -g -Wall   -mno-hw-div -mno-hw-mul -mno-hw-mulx -mgpopt=global  -o obj/default/main.o main.c
      |                 unsigned char *
In file included from debug.c:32:
c:\intelfpga_lite\20.1\nios2eds\bin\gnu\h-x86_64-mingw32\nios2-elf\include\stdio.h:244:14: note: expected 'char * restrict' but argument is of type 'unsigned char *'
Info: Compiling overdrive.c to obj/default/overdrive.o
nios2-elf-gcc.exe -xc -MP -MMD -c -Ic:/repos/fpga_dsp/audio_sdram/software/audio_feed_7_bsp//HAL/inc -Ic:/repos/fpga_dsp/audio_sdram/software/audio_feed_7_bsp/ -Ic:/repos/fpga_dsp/audio_sdram/software/audio_feed_7_bsp//drivers/inc  -pipe -D__hal__ -DALT_NO_INSTRUCTION_EMULATION -DALT_SINGLE_THREADED    -O0 -g -Wall   -mno-hw-div -mno-hw-mul -mno-hw-mulx -mgpopt=global  -o obj/default/overdrive.o overdrive.c
  244 | int sprintf (char *__restrict, const char *__restrict, ...)
      |              ^
In file included from my_includes.h:53,
                 from debug.c:34:
debug.c:73:16: warning: pointer targets in passing argument 1 of 'myprintf' differ in signedness [-Wpointer-sign]
   73 |         DEBUG((szText));
      |                ^~~~~~
      |                |
      |                unsigned char *
debug.h:47:42: note: in definition of macro 'DEBUG'
   47 | #define DEBUG(x)               {myprintf x;}  // standard in/out, specifed in project (it could be uart, jtag, or lcd)
      |                                          ^
debug.c:53:20: note: expected 'char *' but argument is of type 'unsigned char *'
   53 | int myprintf(char *format, ...){
      |              ~~~~~~^~~~~~
main.c: In function 'record_to_play':
main.c:452:8: warning: suggest parentheses around comparison in operand of '==' [-Wparentheses]
  452 |   if(w < WORDS == FALSE){
      |        ^
main.c:445:11: warning: unused variable 'R_out' [-Wunused-variable]
  445 |   int16_t R_out = (int16_t)(word_out & 0xFFFF);
      |           ^~~~~
main.c: In function 'main':
main.c:584:12: warning: unused variable 'w_x' [-Wunused-variable]
  584 |  const int w_x    = 8192;   // ≈0.25
      |            ^~~
main.c:583:12: warning: unused variable 'w_main' [-Wunused-variable]
  583 |  const int w_main = 26214;  // ≈0.8
      |            ^~~~~~
main.c:581:11: warning: unused variable 'offset' [-Wunused-variable]
  581 |  uint32_t offset = 0;
      |           ^~~~~~
main.c:579:19: warning: unused variable 'value_r' [-Wunused-variable]
  579 |  alt_u16 value_l, value_r;
      |                   ^~~~~~~
main.c:579:10: warning: unused variable 'value_l' [-Wunused-variable]
  579 |  alt_u16 value_l, value_r;
      |          ^~~~~~~
main.c:578:10: warning: unused variable 'data' [-Wunused-variable]
  578 |  alt_u32 data;
      |          ^~~~
main.c:577:20: warning: unused variable 'ch_left' [-Wunused-variable]
  577 |  alt_u16 ch_right, ch_left;
      |                    ^~~~~~~
main.c:577:10: warning: unused variable 'ch_right' [-Wunused-variable]
  577 |  alt_u16 ch_right, ch_left;
      |          ^~~~~~~~
At top level:
main.c:429:13: warning: 'record_to_play' defined but not used [-Wunused-function]
  429 | static void record_to_play(void){
      |             ^~~~~~~~~~~~~~
main.c:414:13: warning: 'play_from_sdram' defined but not used [-Wunused-function]
  414 | static void play_from_sdram(uint32_t words){
      |             ^~~~~~~~~~~~~~~
main.c:401:17: warning: 'record_to_sdram' defined but not used [-Wunused-function]
Info: Linking audio_feed_7.elf
  401 | static uint32_t record_to_sdram(void){
      |                 ^~~~~~~~~~~~~~~
main.c:381:79: warning: 'tick_6' defined but not used [-Wunused-variable]
  381 | static uint32_t lw=0, rw=0, tick=0, tick_2=0, tick_3=0, tick_4 = 0, tick_5=0, tick_6=0;
      |                                                                               ^~~~~~
main.c:381:69: warning: 'tick_5' defined but not used [-Wunused-variable]
  381 | static uint32_t lw=0, rw=0, tick=0, tick_2=0, tick_3=0, tick_4 = 0, tick_5=0, tick_6=0;
      |                                                                     ^~~~~~
main.c:381:47: warning: 'tick_3' defined but not used [-Wunused-variable]
  381 | static uint32_t lw=0, rw=0, tick=0, tick_2=0, tick_3=0, tick_4 = 0, tick_5=0, tick_6=0;
      |                                               ^~~~~~
main.c:381:29: warning: 'tick' defined but not used [-Wunused-variable]
  381 | static uint32_t lw=0, rw=0, tick=0, tick_2=0, tick_3=0, tick_4 = 0, tick_5=0, tick_6=0;
nios2-elf-g++.exe  -T'c:/repos/fpga_dsp/audio_sdram/software/audio_feed_7_bsp//linker.x' -msys-crt0='c:/repos/fpga_dsp/audio_sdram/software/audio_feed_7_bsp//obj/HAL/src/crt0.o' -msys-lib=hal_bsp -Lc:/repos/fpga_dsp/audio_sdram/software/audio_feed_7_bsp/   -Wl,-Map=audio_feed_7.map   -O0 -g -Wall   -mno-hw-div -mno-hw-mul -mno-hw-mulx -mgpopt=global  -o audio_feed_7.elf obj/default/AUDIO.o obj/default/I2C.o obj/default/LED.o obj/default/SEG7.o obj/default/debug.o obj/default/main.o obj/default/overdrive.o -lm -msys-lib=m
      |                             ^~~~
main.c:381:23: warning: 'rw' defined but not used [-Wunused-variable]
  381 | static uint32_t lw=0, rw=0, tick=0, tick_2=0, tick_3=0, tick_4 = 0, tick_5=0, tick_6=0;
      |                       ^~
main.c:381:17: warning: 'lw' defined but not used [-Wunused-variable]
  381 | static uint32_t lw=0, rw=0, tick=0, tick_2=0, tick_3=0, tick_4 = 0, tick_5=0, tick_6=0;
      |                 ^~
overdrive.c: In function 'od_set_mix_f':
overdrive.c:91:5: warning: this 'if' clause does not guard... [-Wmisleading-indentation]
   91 |     if (m < 0.0f) m = 0.0f; if (m > 1.0f) m = 1.0f;
      |     ^~
overdrive.c:91:29: note: ...this statement, but the latter is misleadingly indented as if it were guarded by the 'if'
   91 |     if (m < 0.0f) m = 0.0f; if (m > 1.0f) m = 1.0f;
      |                             ^~
overdrive.c: In function 'od_process_sample':
overdrive.c:115:13: warning: unused variable 'wet' [-Wunused-variable]
  115 |     int32_t wet  = q15_mul(y,           od->mix_q15);           // Q1.15
      |             ^~~
nios2-elf-insert.exe audio_feed_7.elf --thread_model hal --cpu_name nios2_gen2_0 --qsys true --simulation_enabled false --id 0 --sidp 0x5101048 --timestamp 1756386196 --stderr_dev jtag_uart --stdin_dev jtag_uart --stdout_dev jtag_uart --sopc_system_name audio_feed --quartus_project_dir "c:/repos/fpga_dsp/audio_sdram" --jdi ../..//output_files/audio_feed.jdi
Info: (audio_feed_7.elf) 112 KBytes program size (code + initialized data).
Info:                    65523 KBytes free for stack + heap.
Info: Creating audio_feed_7.objdump
nios2-elf-objdump.exe --disassemble --syms --all-header --source audio_feed_7.elf >audio_feed_7.objdump
[audio_feed_7 build complete]
19:53:04 **** Build of configuration Nios II for project audio_feed_7 ****
wsl make all 
Info: Building /mnt/c/repos/fpga_dsp/audio_sdram/software/audio_feed_7_bsp/
make --no-print-directory -C /mnt/c/repos/fpga_dsp/audio_sdram/software/audio_feed_7_bsp/
[BSP build complete]
[audio_feed_7 build complete]
19:53:05 **** Incremental Build of configuration Nios II for project audio_feed_7 ****
wsl make all 
Info: Building /mnt/c/repos/fpga_dsp/audio_sdram/software/audio_feed_7_bsp/
make --no-print-directory -C /mnt/c/repos/fpga_dsp/audio_sdram/software/audio_feed_7_bsp/
[BSP build complete]
[audio_feed_7 build complete]
